SCTP_Name,VehicleID,Truck_Type,Payload_Capacity_T,Road_Max_T,Load_kg,Utilization_%,Duration_mins,Traffic_Factor,geometry
Saket,3_1,Mini Tipper 4T,4.0,16.0,2920,73.0,55,1.4,"LINESTRING (78.57980833333333 17.49531388888889, 78.586182 17.501253, 78.570939 17.50141, 78.568335 17.499374, 78.57980833333333 17.49531388888889)"
Saket,3_2,Mini Tipper 4T,4.0,16.0,2720,68.0,75,1.4,"LINESTRING (78.57980833333333 17.49531388888889, 78.543638 17.496495, 78.5414 17.495398, 78.540436 17.495217, 78.57980833333333 17.49531388888889)"
Saket,3_3,Mini Tipper 4T,4.0,16.0,3450,86.2,118,1.4,"LINESTRING (78.57980833333333 17.49531388888889, 78.50190197 17.50907536, 78.540921 17.490081, 78.553146 17.483395, 78.559327 17.476889, 78.57980833333333 17.49531388888889)"
Saket,3_4,Mini Tipper 4T,4.0,16.0,3390,84.8,65,1.4,"LINESTRING (78.57980833333333 17.49531388888889, 78.565141 17.48417, 78.569268 17.487733, 78.574704 17.482649, 78.578398 17.483391, 78.57980833333333 17.49531388888889)"
Saket,3_5,Mini Tipper 4T,4.0,16.0,2850,71.2,83,1.4,"LINESTRING (78.57980833333333 17.49531388888889, 78.620108 17.473773, 78.588646 17.474437, 78.589098 17.480105, 78.57980833333333 17.49531388888889)"
Saket,3_6,Mini Tipper 4T,4.0,16.0,2880,72.0,55,1.4,"LINESTRING (78.57980833333333 17.49531388888889, 78.588554 17.48303, 78.583534 17.482026, 78.583456 17.481817, 78.57980833333333 17.49531388888889)"
Saket,3_7,Mini Tipper 4T,4.0,16.0,2960,74.0,55,1.4,"LINESTRING (78.57980833333333 17.49531388888889, 78.582362 17.48012, 78.57974 17.480552, 78.579648 17.480529, 78.57980833333333 17.49531388888889)"
Saket,3_8,Mini Tipper 4T,4.0,16.0,1160,29.0,35,1.4,"LINESTRING (78.57980833333333 17.49531388888889, 78.576533 17.49071, 78.57980833333333 17.49531388888889)"
Mallapur,2_1,Mini Tipper 4T,4.0,16.0,2990,74.8,68,1.4,"LINESTRING (78.57466944444444 17.445525, 78.567226 17.446708, 78.558811 17.438068, 78.570154 17.452652, 78.581916 17.448584, 78.57466944444444 17.445525)"
Mallapur,2_2,Mini Tipper 4T,4.0,16.0,3820,95.5,81,1.4,"LINESTRING (78.57466944444444 17.445525, 78.584007 17.445709, 78.612486 17.458445, 78.611688 17.463209, 78.599079 17.463331, 78.57466944444444 17.445525)"
Mallapur,2_3,Mini Tipper 4T,4.0,16.0,2020,50.5,50,1.4,"LINESTRING (78.57466944444444 17.445525, 78.581348 17.455284, 78.576876 17.446705, 78.575363 17.444395, 78.57466944444444 17.445525)"
Lalapet Flyover,15_1,Mini Tipper 4T,4.0,16.0,3380,84.5,72,1.4,"LINESTRING (78.54014444444444 17.4346, 78.545439 17.430403, 78.54078 17.41851, 78.539182 17.417258, 78.543697 17.41576, 78.544996 17.412248, 78.54014444444444 17.4346)"
Lalapet Flyover,15_2,Mini Tipper 4T,4.0,16.0,3950,98.8,62,1.4,"LINESTRING (78.54014444444444 17.4346, 78.559272 17.4186, 78.553984 17.430758, 78.550415 17.433486, 78.54014444444444 17.4346)"
Lalapet Flyover,15_3,Mini Tipper 4T,4.0,16.0,2320,58.0,45,1.4,"LINESTRING (78.54014444444444 17.4346, 78.550901 17.434858, 78.548167 17.431542, 78.54014444444444 17.4346)"
Hasthinapuram,5_1,Mini Tipper 4T,4.0,16.0,2910,72.8,163,1.4,"LINESTRING (78.53791944444444 17.33096111111111, 78.545212 17.22337, 78.551937 17.335753, 78.546948 17.342973, 78.544915 17.348559, 78.553812 17.349315, 78.5539454 17.3491408, 78.53791944444444 17.33096111111111)"
Hasthinapuram,5_2,Mini Tipper 4T,4.0,16.0,3390,84.8,62,1.4,"LINESTRING (78.53791944444444 17.33096111111111, 78.5551449 17.3484065, 78.555185 17.348348, 78.5536202 17.3458242, 78.53791944444444 17.33096111111111)"
Hasthinapuram,5_3,Mini Tipper 4T,4.0,16.0,3680,92.0,66,1.4,"LINESTRING (78.53791944444444 17.33096111111111, 78.5524741 17.3459368, 78.552307 17.344562, 78.542905 17.342653, 78.536953 17.34195, 78.53791944444444 17.33096111111111)"
Hasthinapuram,5_4,Mini Tipper 4T,4.0,16.0,3890,97.2,53,1.4,"LINESTRING (78.53791944444444 17.33096111111111, 78.5314825 17.3419823, 78.5305666 17.3401392, 78.5275616 17.338899, 78.53791944444444 17.33096111111111)"
Hasthinapuram,5_5,Mini Tipper 4T,4.0,16.0,3220,80.5,57,1.4,"LINESTRING (78.53791944444444 17.33096111111111, 78.536579 17.338843, 78.54087 17.342885, 78.5440115 17.3399006, 78.540851 17.337569, 78.53791944444444 17.33096111111111)"
Hasthinapuram,5_6,Mini Tipper 4T,4.0,16.0,1230,30.8,33,1.4,"LINESTRING (78.53791944444444 17.33096111111111, 78.53791 17.334891, 78.53791944444444 17.33096111111111)"
Nagole,0_1,Mini Tipper 8T,8.0,16.0,6570,82.1,74,1.4,"LINESTRING (78.55910833333333 17.38982777777778, 78.560527 17.374896, 78.5615293 17.3763231, 78.562107 17.376035, 78.5621082 17.3759252, 78.5641008 17.378299, 78.56421 17.3783, 78.566194 17.379081, 78.55910833333333 17.38982777777778)"
Nagole,0_2,Mini Tipper 4T,4.0,16.0,3890,97.2,60,1.4,"LINESTRING (78.55910833333333 17.38982777777778, 78.5664455 17.3792104, 78.5668637 17.379062, 78.569192 17.378497, 78.56905 17.375891, 78.55910833333333 17.38982777777778)"
Nagole,0_3,Mini Tipper 4T,4.0,16.0,3220,80.5,57,1.4,"LINESTRING (78.55910833333333 17.38982777777778, 78.5686404 17.3758879, 78.5691512 17.3737421, 78.569348 17.3730139, 78.55910833333333 17.38982777777778)"
Nagole,0_4,Mini Tipper 4T,4.0,16.0,2780,69.5,71,1.4,"LINESTRING (78.55910833333333 17.38982777777778, 78.569351 17.37288, 78.570413 17.370182, 78.570821 17.3723371, 78.572248 17.372727, 78.5722068 17.3727552, 78.55910833333333 17.38982777777778)"
Nagole,0_5,Mini Tipper 4T,4.0,16.0,3790,94.8,58,1.4,"LINESTRING (78.55910833333333 17.38982777777778, 78.5665179 17.3719305, 78.5613815 17.3739551, 78.5589664 17.376178, 78.55910833333333 17.38982777777778)"
Nagole,0_6,Mini Tipper 4T,4.0,16.0,2920,73.0,61,1.4,"LINESTRING (78.55910833333333 17.38982777777778, 78.558586 17.376317, 78.5578374 17.3804048, 78.5586716 17.382275, 78.552669 17.392361, 78.55910833333333 17.38982777777778)"
Nagole,0_7,Mini Tipper 4T,4.0,16.0,3880,97.0,78,1.4,"LINESTRING (78.55910833333333 17.38982777777778, 78.551502 17.401402, 78.560198 17.404533, 78.563622 17.405443, 78.564558 17.416478, 78.56829 17.411207, 78.55910833333333 17.38982777777778)"
Nagole,0_8,Mini Tipper 4T,4.0,16.0,3380,84.5,60,1.4,"LINESTRING (78.55910833333333 17.38982777777778, 78.564022 17.40821, 78.56371 17.401862, 78.568438 17.402232, 78.55910833333333 17.38982777777778)"
Nagole,0_9,Mini Tipper 4T,4.0,16.0,3810,95.2,74,1.4,"LINESTRING (78.55910833333333 17.38982777777778, 78.571178 17.402654, 78.571411 17.401265, 78.580867 17.401072, 78.570727 17.399725, 78.568309 17.40162, 78.55910833333333 17.38982777777778)"
Nagole,0_10,Mini Tipper 4T,4.0,16.0,3400,85.0,58,1.4,"LINESTRING (78.55910833333333 17.38982777777778, 78.566988 17.402764, 78.561534 17.398755, 78.560206 17.397521, 78.560208 17.397508, 78.55910833333333 17.38982777777778)"
Nagole,0_11,Mini Tipper 4T,4.0,16.0,700,17.5,34,1.4,"LINESTRING (78.55910833333333 17.38982777777778, 78.561354 17.394359, 78.55910833333333 17.38982777777778)"
Kattedan,7_1,Mini Tipper 16T,16.0,16.0,15260,95.4,162,1.4,"LINESTRING (78.43330277777778 17.311791666666668, 78.43833084 17.31005013, 78.43951527 17.30886671, 78.44056358 17.30730193, 78.4502 17.2982, 78.445018 17.278256, 78.4341104 17.30092738, 78.43501558 17.30145646, 78.43255028 17.30796398, 78.43056311 17.30723544, 78.42970424 17.30688541, 78.42383304 17.31128783, 78.42696951 17.31116593, 78.427668 17.30940367, 78.42696818 17.30579694, 78.41846107 17.29959262, 78.41809537 17.29658519, 78.41849103 17.29613394, 78.43330277777778 17.311791666666668)"
Kattedan,7_2,Mini Tipper 8T,8.0,16.0,7660,95.8,342,1.4,"LINESTRING (78.43330277777778 17.311791666666668, 78.25197 17.17766, 78.3348 17.2456, 78.3354 17.259, 78.32433 17.340193, 78.399452209 17.33098793, 78.398404 17.320869, 78.400614 17.321728, 78.401776 17.32149, 78.401881 17.322269, 78.401908 17.322367, 78.43330277777778 17.311791666666668)"
Kattedan,7_3,Mini Tipper 4T,4.0,16.0,2560,64.0,64,1.4,"LINESTRING (78.43330277777778 17.311791666666668, 78.40357046 17.32223889, 78.403405 17.319025, 78.43330277777778 17.311791666666668)"
Kattedan,7_4,Mini Tipper 4T,4.0,16.0,3030,75.8,71,1.4,"LINESTRING (78.43330277777778 17.311791666666668, 78.403442 17.319365, 78.399596 17.331686, 78.43330277777778 17.311791666666668)"
Kattedan,7_5,Mini Tipper 4T,4.0,16.0,2490,62.3,68,1.4,"LINESTRING (78.43330277777778 17.311791666666668, 78.402201 17.332406, 78.405077 17.331342, 78.43330277777778 17.311791666666668)"
Kattedan,7_6,Mini Tipper 4T,4.0,16.0,3280,82.0,72,1.4,"LINESTRING (78.43330277777778 17.311791666666668, 78.405395508 17.331272125, 78.408198 17.330647, 78.408144 17.333154, 78.43330277777778 17.311791666666668)"
Kattedan,7_7,Mini Tipper 4T,4.0,16.0,3500,87.5,75,1.4,"LINESTRING (78.43330277777778 17.311791666666668, 78.404876709 17.335422516, 78.409088 17.33568, 78.412343 17.338383, 78.43330277777778 17.311791666666668)"
Kattedan,7_8,Mini Tipper 4T,4.0,16.0,3890,97.2,64,1.4,"LINESTRING (78.43330277777778 17.311791666666668, 78.426178 17.331137, 78.425486 17.329876, 78.42542181 17.32792123, 78.42579376 17.32788563, 78.43330277777778 17.311791666666668)"
Kattedan,7_9,Mini Tipper 4T,4.0,16.0,3940,98.5,68,1.4,"LINESTRING (78.43330277777778 17.311791666666668, 78.425765991 17.32774353, 78.427337646 17.328824997, 78.428387 17.330628, 78.432037354 17.327064514, 78.43301846 17.32291501, 78.43330277777778 17.311791666666668)"
Kattedan,7_10,Mini Tipper 4T,4.0,16.0,3720,93.0,49,1.4,"LINESTRING (78.43330277777778 17.311791666666668, 78.43309654 17.32104525, 78.43251916 17.32174418, 78.43036352 17.32046553, 78.43330277777778 17.311791666666668)"
Kattedan,7_11,Mini Tipper 4T,4.0,16.0,2650,66.2,71,1.4,"LINESTRING (78.43330277777778 17.311791666666668, 78.42939249 17.32350783, 78.43053953 17.32303362, 78.43820252 17.32268896, 78.44151787 17.32004847, 78.44021175 17.317282, 78.44079594 17.31700771, 78.43330277777778 17.311791666666668)"
Kattedan,7_12,Mini Tipper 4T,4.0,16.0,2190,54.8,53,1.4,"LINESTRING (78.43330277777778 17.311791666666668, 78.4421 17.3138, 78.44644064 17.31551822, 78.43295876 17.30841767, 78.43330277777778 17.311791666666668)"
Devender Nagar,1_1,Mini Tipper 8T,8.0,16.0,7490,93.6,91,1.4,"LINESTRING (78.54711944444445 17.38656111111111, 78.549574 17.377607, 78.548472 17.37661, 78.5500273 17.3749225, 78.552588 17.376078, 78.5477816 17.3726319, 78.5447737 17.370792, 78.5539811 17.3659458, 78.55252 17.362586, 78.54711944444445 17.38656111111111)"
Devender Nagar,1_2,Mini Tipper 4T,4.0,16.0,3040,76.0,91,1.4,"LINESTRING (78.54711944444445 17.38656111111111, 78.549377 17.361273, 78.546358 17.364811, 78.535624 17.36851, 78.530192 17.382641, 78.530159 17.389108, 78.527615 17.3895, 78.54711944444445 17.38656111111111)"
Devender Nagar,1_3,Mini Tipper 4T,4.0,16.0,3510,87.8,61,1.4,"LINESTRING (78.54711944444445 17.38656111111111, 78.531867 17.390697, 78.534978 17.388148, 78.53489758 17.39051029, 78.533642 17.392258, 78.54711944444445 17.38656111111111)"
Devender Nagar,1_4,Mini Tipper 4T,4.0,16.0,2930,73.2,55,1.4,"LINESTRING (78.54711944444445 17.38656111111111, 78.535158 17.395067, 78.536738 17.394911, 78.53633119 17.3972999, 78.54711944444445 17.38656111111111)"
Devender Nagar,1_5,Mini Tipper 4T,4.0,4.5,3660,91.5,62,1.4,"LINESTRING (78.54711944444445 17.38656111111111, 78.54069 17.405874, 78.5338025 17.3979549, 78.531443 17.39618, 78.54711944444445 17.38656111111111)"
Devender Nagar,1_6,Mini Tipper 4T,4.0,16.0,3050,76.2,57,1.4,"LINESTRING (78.54711944444445 17.38656111111111, 78.529018 17.393048, 78.537977 17.394458, 78.537619 17.39361, 78.54711944444445 17.38656111111111)"
Devender Nagar,1_7,Mini Tipper 4T,4.0,16.0,3750,93.8,61,1.4,"LINESTRING (78.54711944444445 17.38656111111111, 78.53906 17.392713, 78.54359598 17.3911175, 78.546243 17.391017, 78.546599 17.390825, 78.549663333 17.391268333336, 78.54711944444445 17.38656111111111)"
Auto Nagar,4_1,Mini Tipper 16T,16.0,16.0,14670,91.7,160,1.4,"LINESTRING (78.5808611111111 17.34936111111111, 78.5714188 17.3426419, 78.572532 17.340567, 78.571724 17.340073, 78.5692742 17.3389042, 78.567843 17.331448, 78.578009 17.326138, 78.578119 17.325985, 78.581224 17.322153, 78.580363 17.317235, 78.579747 17.317117, 78.570665 17.316549, 78.573189 17.324742, 78.574909 17.324472, 78.574746 17.32603, 78.5796113 17.328255, 78.579616 17.328457, 78.582832 17.32747, 78.5840277 17.3328333, 78.584136 17.332998, 78.5808611111111 17.34936111111111)"
Auto Nagar,4_2,Mini Tipper 8T,8.0,16.0,7700,96.2,119,1.4,"LINESTRING (78.5808611111111 17.34936111111111, 78.588521 17.332582, 78.591432 17.330702, 78.597585 17.327645, 78.598614 17.323715, 78.6027706 17.3230597, 78.6025105 17.3209605, 78.6009411 17.3159187, 78.6102014 17.313603, 78.6118236 17.3150333, 78.611782 17.3152694, 78.5808611111111 17.34936111111111)"
Auto Nagar,4_3,Mini Tipper 4T,4.0,16.0,3550,88.8,87,1.4,"LINESTRING (78.5808611111111 17.34936111111111, 78.6121545 17.3174776, 78.6099036 17.3217584, 78.611121 17.332693, 78.611129 17.3322295, 78.5808611111111 17.34936111111111)"
Auto Nagar,4_4,Mini Tipper 4T,4.0,16.0,3190,79.8,76,1.4,"LINESTRING (78.5808611111111 17.34936111111111, 78.6113225 17.3276634, 78.611089 17.327493, 78.6074687 17.322769, 78.5808611111111 17.34936111111111)"
Auto Nagar,4_5,Mini Tipper 4T,4.0,16.0,3210,80.2,87,1.4,"LINESTRING (78.5808611111111 17.34936111111111, 78.607326 17.322569, 78.6062463 17.3226978, 78.6052233 17.3224242, 78.604923 17.3253514, 78.596047 17.322309, 78.5808611111111 17.34936111111111)"
Auto Nagar,4_6,Mini Tipper 4T,4.0,16.0,3820,95.5,66,1.4,"LINESTRING (78.5808611111111 17.34936111111111, 78.5869572 17.3266903, 78.5835109 17.3294616, 78.5816103 17.3336586, 78.581749 17.334344, 78.5808611111111 17.34936111111111)"
Auto Nagar,4_7,Mini Tipper 4T,4.0,16.0,3620,90.5,76,1.4,"LINESTRING (78.5808611111111 17.34936111111111, 78.5790375 17.3338191, 78.5740285 17.3363431, 78.572748 17.3377381, 78.5662382 17.3418094, 78.558458 17.342563, 78.5808611111111 17.34936111111111)"
Auto Nagar,4_8,Mini Tipper 4T,4.0,16.0,3390,84.8,66,1.4,"LINESTRING (78.5808611111111 17.34936111111111, 78.558588 17.3425489, 78.559537 17.340997, 78.563873 17.34119, 78.5639104 17.3412289, 78.5808611111111 17.34936111111111)"
Auto Nagar,4_9,Mini Tipper 4T,4.0,16.0,3160,79.0,52,1.4,"LINESTRING (78.5808611111111 17.34936111111111, 78.567571 17.345044, 78.5683789 17.3461321, 78.568305 17.346324, 78.5808611111111 17.34936111111111)"
Auto Nagar,4_10,Mini Tipper 4T,4.0,16.0,2760,69.0,45,1.4,"LINESTRING (78.5808611111111 17.34936111111111, 78.5688635 17.3501074, 78.56871 17.350209, 78.5808611111111 17.34936111111111)"
Auto Nagar,4_11,Mini Tipper 4T,4.0,16.0,3080,77.0,61,1.4,"LINESTRING (78.5808611111111 17.34936111111111, 78.5679094 17.3501521, 78.567878 17.350316, 78.5637031 17.3516915, 78.563135 17.354186, 78.5808611111111 17.34936111111111)"
Auto Nagar,4_12,Mini Tipper 4T,4.0,16.0,3950,98.8,68,1.4,"LINESTRING (78.5808611111111 17.34936111111111, 78.56083 17.352462, 78.5607149 17.3523441, 78.5555722 17.3531149, 78.553805 17.352854, 78.5808611111111 17.34936111111111)"
Auto Nagar,4_13,Mini Tipper 4T,4.0,16.0,3890,97.2,84,1.4,"LINESTRING (78.5808611111111 17.34936111111111, 78.556066 17.357343, 78.5558526 17.3603299, 78.5630672 17.3653325, 78.568527 17.361082, 78.57532557 17.3716284, 78.5808611111111 17.34936111111111)"
Auto Nagar,4_14,Mini Tipper 4T,4.0,16.0,2810,70.2,68,1.4,"LINESTRING (78.5808611111111 17.34936111111111, 78.5753657 17.3713839, 78.573564 17.367761, 78.5719293 17.3668027, 78.568505 17.361053, 78.5808611111111 17.34936111111111)"
Auto Nagar,4_15,Mini Tipper 4T,4.0,16.0,3820,95.5,57,1.4,"LINESTRING (78.5808611111111 17.34936111111111, 78.56681 17.357648, 78.566111 17.356206, 78.563236 17.354575, 78.5808611111111 17.34936111111111)"
Auto Nagar,4_16,Mini Tipper 4T,4.0,16.0,1260,31.5,38,1.4,"LINESTRING (78.5808611111111 17.34936111111111, 78.5711801 17.3502376, 78.5808611111111 17.34936111111111)"
Singareni Colony,17_1,Mini Tipper 16T,16.0,16.0,15310,95.7,154,1.4,"LINESTRING (78.52141944444445 17.350250000000003, 78.51855793 17.34733786, 78.5189808 17.3445682, 78.52158876 17.34537388, 78.520596 17.341589, 78.5235811 17.3420636, 78.527326 17.341776, 78.5285754 17.3441636, 78.53005 17.347213, 78.5306245 17.351194, 78.530679 17.351255, 78.5328404 17.3519319, 78.546383 17.35601, 78.5455358 17.3589676, 78.5478919 17.3593684, 78.5292225 17.3575812, 78.529175 17.35763, 78.5259464 17.3597441, 78.5244604 17.3595714, 78.52352627 17.35914711, 78.52141944444445 17.350250000000003)"
Singareni Colony,17_2,Mini Tipper 8T,8.0,16.0,7110,88.9,82,1.4,"LINESTRING (78.52141944444445 17.350250000000003, 78.52190889 17.35864172, 78.52121294 17.36008589, 78.52259729 17.36136404, 78.5203529 17.36178498, 78.520211 17.364163, 78.51913283 17.36591359, 78.51849306 17.36664622, 78.51670687 17.36832409, 78.52141944444445 17.350250000000003)"
Singareni Colony,17_3,Mini Tipper 8T,8.0,16.0,7090,88.6,104,1.4,"LINESTRING (78.52141944444445 17.350250000000003, 78.511956 17.365308, 78.5114589 17.36347918, 78.51107725 17.36190814, 78.50934703 17.36140762, 78.50645859 17.36114107, 78.50585773 17.36185612, 78.50753598 17.36436439, 78.50437584 17.36472056, 78.50717967 17.36713116, 78.51006258 17.372192, 78.52141944444445 17.350250000000003)"
Singareni Colony,17_4,Mini Tipper 4T,4.0,16.0,3820,95.5,66,1.4,"LINESTRING (78.52141944444445 17.350250000000003, 78.51117029 17.37389993, 78.51160487 17.37642118, 78.51316322 17.37657627, 78.52141944444445 17.350250000000003)"
Singareni Colony,17_5,Mini Tipper 4T,4.0,16.0,2720,68.0,69,1.4,"LINESTRING (78.52141944444445 17.350250000000003, 78.51519616 17.37718956, 78.51631437 17.37594394, 78.51518824 17.38050629, 78.52141944444445 17.350250000000003)"
Singareni Colony,17_6,Mini Tipper 4T,4.0,16.0,3330,83.2,67,1.4,"LINESTRING (78.52141944444445 17.350250000000003, 78.51645448 17.37949472, 78.51854841 17.37785758, 78.51972338 17.37701744, 78.52141944444445 17.350250000000003)"
Singareni Colony,17_7,Mini Tipper 4T,4.0,16.0,3380,84.5,80,1.4,"LINESTRING (78.52141944444445 17.350250000000003, 78.51823186 17.37531423, 78.51438359 17.37459728, 78.51436009 17.37348721, 78.51480898 17.37330469, 78.51469502 17.37248175, 78.51400915 17.371449, 78.52141944444445 17.350250000000003)"
Singareni Colony,17_8,Mini Tipper 4T,4.0,16.0,3050,76.2,60,1.4,"LINESTRING (78.52141944444445 17.350250000000003, 78.5137671 17.36853307, 78.51472917 17.36724381, 78.51902973 17.36910963, 78.52141944444445 17.350250000000003)"
Singareni Colony,17_9,Mini Tipper 4T,4.0,16.0,2590,64.8,59,1.4,"LINESTRING (78.52141944444445 17.350250000000003, 78.52186541 17.36780151, 78.52349743 17.36986129, 78.524586 17.370356, 78.52141944444445 17.350250000000003)"
Singareni Colony,17_10,Mini Tipper 4T,4.0,16.0,3340,83.5,78,1.4,"LINESTRING (78.52141944444445 17.350250000000003, 78.525007 17.36835, 78.52432194 17.3728822, 78.526582 17.373047, 78.52933 17.371495, 78.528227 17.369059, 78.529823 17.366048, 78.52141944444445 17.350250000000003)"
Singareni Colony,17_11,Mini Tipper 4T,4.0,16.0,3850,96.2,59,1.4,"LINESTRING (78.52141944444445 17.350250000000003, 78.522922 17.364276, 78.522246 17.364207, 78.51759905 17.36208597, 78.5175392 17.3619331, 78.52141944444445 17.350250000000003)"
Singareni Colony,17_12,Mini Tipper 4T,4.0,16.0,3740,93.5,65,1.4,"LINESTRING (78.52141944444445 17.350250000000003, 78.515683 17.361971, 78.51551022 17.36088794, 78.5162814 17.35978432, 78.51788853 17.35916818, 78.51365614 17.36047055, 78.52141944444445 17.350250000000003)"
Singareni Colony,17_13,Mini Tipper 4T,4.0,16.0,2730,68.2,49,1.4,"LINESTRING (78.52141944444445 17.350250000000003, 78.51149 17.361861, 78.50968457 17.35898496, 78.52141944444445 17.350250000000003)"
Singareni Colony,17_14,Mini Tipper 4T,4.0,16.0,3030,75.8,48,1.4,"LINESTRING (78.52141944444445 17.350250000000003, 78.51111173 17.35787473, 78.50914232 17.35839804, 78.52141944444445 17.350250000000003)"
Singareni Colony,17_15,Mini Tipper 4T,4.0,16.0,2660,66.5,57,1.4,"LINESTRING (78.52141944444445 17.350250000000003, 78.5090612 17.3583805, 78.50605074 17.35795592, 78.50377256 17.35773165, 78.52141944444445 17.350250000000003)"
Singareni Colony,17_16,Mini Tipper 4T,4.0,16.0,3890,97.2,62,1.4,"LINESTRING (78.52141944444445 17.350250000000003, 78.50363844 17.35888884, 78.50176477 17.36185124, 78.49969597 17.35899067, 78.52141944444445 17.350250000000003)"
Singareni Colony,17_17,Mini Tipper 4T,4.0,16.0,3180,79.5,82,1.4,"LINESTRING (78.52141944444445 17.350250000000003, 78.49751676 17.35110571, 78.494561 17.351358, 78.49174166 17.346883, 78.49567763 17.34460714, 78.49018 17.340645, 78.52141944444445 17.350250000000003)"
Singareni Colony,17_18,Mini Tipper 4T,4.0,16.0,3680,92.0,72,1.4,"LINESTRING (78.52141944444445 17.350250000000003, 78.492035 17.342448, 78.494277 17.342337, 78.49769713 17.34842878, 78.50484345 17.3516, 78.52141944444445 17.350250000000003)"
Singareni Colony,17_19,Mini Tipper 4T,4.0,16.0,3930,98.2,62,1.4,"LINESTRING (78.52141944444445 17.350250000000003, 78.509053 17.347046, 78.5150633 17.3467221, 78.51653222 17.35808603, 78.51862827 17.35881319, 78.52141944444445 17.350250000000003)"
Singareni Colony,17_20,Mini Tipper 4T,4.0,16.0,860,21.5,33,1.4,"LINESTRING (78.52141944444445 17.350250000000003, 78.51969826 17.35306173, 78.52141944444445 17.350250000000003)"
IBT,6_1,Mini Tipper 16T,16.0,16.0,15420,96.4,156,1.4,"LINESTRING (78.48207222222223 17.374933333333335, 78.48043635 17.37739126, 78.481599 17.378678, 78.482892 17.379577, 78.481019 17.382928, 78.481155 17.383917, 78.481012 17.38403, 78.480688 17.384182, 78.48067 17.384192, 78.480103 17.383917, 78.480114 17.385943, 78.4811 17.384421, 78.481028 17.384022, 78.48102083 17.3839743, 78.4811 17.383923, 78.481103 17.383923, 78.48119 17.383912, 78.481647 17.383917, 78.483362 17.386056, 78.48617225 17.38696184, 78.48456 17.390401, 78.48288552 17.39353132, 78.479952 17.393869, 78.48207222222223 17.374933333333335)"
IBT,6_2,Mini Tipper 16T,16.0,16.0,15860,99.1,150,1.4,"LINESTRING (78.48207222222223 17.374933333333335, 78.477005 17.391141, 78.474521 17.392234, 78.472805 17.390954, 78.47015501 17.38840782, 78.4693733 17.3879098, 78.46873181 17.38765088, 78.468852 17.385678, 78.46826 17.384589, 78.466221 17.387393, 78.46668379 17.38601673, 78.46865644 17.38272397, 78.467158 17.3804679, 78.46543259 17.38156132, 78.46435251 17.37982499, 78.4629116 17.3805665, 78.46213663 17.37897133, 78.461569 17.37929, 78.462576 17.378717, 78.46393026 17.37754734, 78.48207222222223 17.374933333333335)"
IBT,6_3,Mini Tipper 8T,8.0,16.0,7310,91.4,73,1.4,"LINESTRING (78.48207222222223 17.374933333333335, 78.464485 17.377546, 78.464069 17.377515, 78.464015 17.377567, 78.46330451 17.3765038, 78.463285 17.376445, 78.46258 17.374581, 78.48207222222223 17.374933333333335)"
IBT,6_4,Mini Tipper 8T,8.0,16.0,7650,95.6,102,1.4,"LINESTRING (78.48207222222223 17.374933333333335, 78.4633874 17.3743517, 78.463184 17.372904, 78.463184 17.371904, 78.46396256 17.37124895, 78.46437551 17.37091093, 78.464069 17.367615, 78.46449645 17.36722812, 78.46449645 17.36722812, 78.46804926 17.3668899, 78.4674245 17.3716492, 78.46716275 17.37353026, 78.48207222222223 17.374933333333335)"
IBT,6_5,Mini Tipper 8T,8.0,16.0,7370,92.1,81,1.4,"LINESTRING (78.48207222222223 17.374933333333335, 78.4677179 17.3745451, 78.470159 17.375181, 78.47131421 17.37591782, 78.4697634 17.3770726, 78.4700281 17.3775358, 78.46774519 17.37735316, 78.467731 17.377338, 78.46776725 17.37818072, 78.48207222222223 17.374933333333335)"
IBT,6_6,Mini Tipper 8T,8.0,16.0,7740,96.8,80,1.4,"LINESTRING (78.48207222222223 17.374933333333335, 78.467912 17.379076, 78.467912 17.379156, 78.467912 17.379276, 78.467961 17.379672, 78.467561 17.37929, 78.467561 17.37943, 78.4682247 17.3813729, 78.46740742 17.38253543, 78.48207222222223 17.374933333333335)"
IBT,6_7,Mini Tipper 8T,8.0,16.0,7440,93.0,90,1.4,"LINESTRING (78.48207222222223 17.374933333333335, 78.4697 17.3819, 78.469829 17.381763, 78.470116 17.383292, 78.47195695 17.38294064, 78.4727931 17.38428741, 78.47200632 17.38139738, 78.47236202 17.380548, 78.473969 17.378828, 78.473938 17.37878, 78.473052 17.378258, 78.48207222222223 17.374933333333335)"
IBT,6_8,Mini Tipper 4T,4.0,16.0,3990,99.8,54,1.4,"LINESTRING (78.48207222222223 17.374933333333335, 78.473816 17.378678, 78.474644 17.378094, 78.473764 17.376427, 78.474508 17.37469, 78.48207222222223 17.374933333333335)"
IBT,6_9,Mini Tipper 4T,4.0,16.0,3180,79.5,82,1.4,"LINESTRING (78.48207222222223 17.374933333333335, 78.472718 17.373802, 78.473816 17.37158, 78.475017 17.37161, 78.474695 17.372117, 78.471163 17.371132, 78.47114271 17.36954562, 78.47277419 17.36805305, 78.47370648 17.36255922, 78.48207222222223 17.374933333333335)"
IBT,6_10,Mini Tipper 4T,4.0,16.0,3890,97.2,56,1.4,"LINESTRING (78.48207222222223 17.374933333333335, 78.47370648 17.36255922, 78.47409343 17.35946703, 78.47666312 17.35976725, 78.48207222222223 17.374933333333335)"
IBT,6_11,Mini Tipper 4T,4.0,16.0,2780,69.5,60,1.4,"LINESTRING (78.48207222222223 17.374933333333335, 78.478007 17.358872, 78.478007 17.358872, 78.47949219 17.35975227, 78.47943404 17.3617054, 78.48207222222223 17.374933333333335)"
IBT,6_12,Mini Tipper 4T,4.0,16.0,3190,79.8,75,1.4,"LINESTRING (78.48207222222223 17.374933333333335, 78.4800869 17.35812026, 78.48208194 17.35699866, 78.48347397 17.35396199, 78.48184527 17.35156538, 78.47788489 17.34850647, 78.48207222222223 17.374933333333335)"
IBT,6_13,Mini Tipper 4T,4.0,16.0,2720,68.0,60,1.4,"LINESTRING (78.48207222222223 17.374933333333335, 78.47788489 17.34850647, 78.48027221 17.34873822, 78.48207222222223 17.374933333333335)"
IBT,6_14,Mini Tipper 4T,4.0,16.0,2860,71.5,59,1.4,"LINESTRING (78.48207222222223 17.374933333333335, 78.48081099 17.3487263, 78.48265673 17.34939953, 78.48207222222223 17.374933333333335)"
IBT,6_15,Mini Tipper 4T,4.0,16.0,2480,62.0,73,1.4,"LINESTRING (78.48207222222223 17.374933333333335, 78.48358875 17.34820062, 78.48442866 17.34789731, 78.48660542 17.34611051, 78.490471 17.3473833, 78.48207222222223 17.374933333333335)"
IBT,6_16,Mini Tipper 4T,4.0,16.0,3290,82.2,65,1.4,"LINESTRING (78.48207222222223 17.374933333333335, 78.486414 17.342298, 78.48228286 17.34665823, 78.48207222222223 17.374933333333335)"
IBT,6_17,Mini Tipper 4T,4.0,16.0,2730,68.2,63,1.4,"LINESTRING (78.48207222222223 17.374933333333335, 78.48063911 17.35132424, 78.47718381 17.35223782, 78.47595708 17.35228212, 78.48207222222223 17.374933333333335)"
IBT,6_18,Mini Tipper 4T,4.0,16.0,2990,74.8,58,1.4,"LINESTRING (78.48207222222223 17.374933333333335, 78.47595708 17.35228212, 78.4712964 17.3539166, 78.48207222222223 17.374933333333335)"
IBT,6_19,Mini Tipper 4T,4.0,16.0,3920,98.0,78,1.4,"LINESTRING (78.48207222222223 17.374933333333335, 78.47056655 17.35802837, 78.46816409 17.3571488, 78.47080156 17.36157557, 78.47034319 17.36332148, 78.46728852 17.3629779, 78.46710226 17.36179201, 78.48207222222223 17.374933333333335)"
IBT,6_20,Mini Tipper 4T,4.0,16.0,3790,94.8,56,1.4,"LINESTRING (78.48207222222223 17.374933333333335, 78.46865852 17.36169566, 78.4737558 17.36373318, 78.47613897 17.36591612, 78.48207222222223 17.374933333333335)"
IBT,6_21,Mini Tipper 4T,4.0,16.0,3220,80.5,60,1.4,"LINESTRING (78.48207222222223 17.374933333333335, 78.47699742 17.36569961, 78.47826369 17.36555958, 78.47731153 17.36700871, 78.47847763 17.36661553, 78.47847763 17.36661553, 78.48207222222223 17.374933333333335)"
IBT,6_22,Mini Tipper 4T,4.0,16.0,3090,77.2,49,1.4,"LINESTRING (78.48207222222223 17.374933333333335, 78.4807339 17.36505731, 78.480856 17.365652, 78.48201879 17.36551911, 78.48207222222223 17.374933333333335)"
IBT,6_23,Mini Tipper 4T,4.0,16.0,3720,93.0,47,1.4,"LINESTRING (78.48207222222223 17.374933333333335, 78.48119026 17.36684348, 78.481396 17.368485, 78.48032939 17.36948239, 78.48207222222223 17.374933333333335)"
IBT,6_24,Mini Tipper 4T,4.0,16.0,3470,86.8,60,1.4,"LINESTRING (78.48207222222223 17.374933333333335, 78.4827088 17.36768976, 78.48451996 17.36706585, 78.48499097 17.36937549, 78.4858293 17.36808978, 78.48422399 17.36629518, 78.48207222222223 17.374933333333335)"
IBT,6_25,Mini Tipper 4T,4.0,4.5,3720,93.0,57,1.4,"LINESTRING (78.48207222222223 17.374933333333335, 78.4859466 17.3660555, 78.48649568 17.36567268, 78.48694762 17.36451644, 78.48630324 17.36266959, 78.48207222222223 17.374933333333335)"
IBT,6_26,Mini Tipper 4T,4.0,16.0,2760,69.0,52,1.4,"LINESTRING (78.48207222222223 17.374933333333335, 78.48271852 17.362004, 78.48484016 17.36345017, 78.4845385 17.36435596, 78.48207222222223 17.374933333333335)"
IBT,6_27,Mini Tipper 4T,4.0,16.0,3090,77.2,63,1.4,"LINESTRING (78.48207222222223 17.374933333333335, 78.4888641 17.3602243, 78.49010786 17.35770623, 78.48788452 17.35887718, 78.48994595 17.36100963, 78.48207222222223 17.374933333333335)"
IBT,6_28,Mini Tipper 4T,4.0,4.5,3350,83.8,66,1.4,"LINESTRING (78.48207222222223 17.374933333333335, 78.49297268 17.36116352, 78.49762359 17.36061096, 78.49736396 17.36157696, 78.50031381 17.36182551, 78.48207222222223 17.374933333333335)"
IBT,6_29,Mini Tipper 4T,4.0,16.0,3430,85.8,59,1.4,"LINESTRING (78.48207222222223 17.374933333333335, 78.50174547 17.36424981, 78.49804475 17.36555703, 78.49673413 17.36607994, 78.48207222222223 17.374933333333335)"
IBT,6_30,Mini Tipper 4T,4.0,16.0,3880,97.0,64,1.4,"LINESTRING (78.48207222222223 17.374933333333335, 78.49473899 17.36643744, 78.49068768 17.36684531, 78.48965183 17.36719782, 78.48896712 17.36689157, 78.488771 17.3666339, 78.48207222222223 17.374933333333335)"
IBT,6_31,Mini Tipper 4T,4.0,4.5,3120,78.0,54,1.4,"LINESTRING (78.48207222222223 17.374933333333335, 78.48873165 17.36716462, 78.48733274 17.36825749, 78.48799377 17.37044533, 78.48651815 17.37149141, 78.48207222222223 17.374933333333335)"
IBT,6_32,Mini Tipper 4T,4.0,16.0,3190,79.8,48,1.4,"LINESTRING (78.48207222222223 17.374933333333335, 78.48799377 17.37044533, 78.48928475 17.37177335, 78.49073314 17.37239626, 78.48207222222223 17.374933333333335)"
IBT,6_33,Mini Tipper 4T,4.0,16.0,2920,73.0,49,1.4,"LINESTRING (78.48207222222223 17.374933333333335, 78.4910774 17.37160679, 78.49244947 17.37146196, 78.48994638 17.37348153, 78.48207222222223 17.374933333333335)"
IBT,6_34,Mini Tipper 4T,4.0,16.0,3830,95.8,48,1.4,"LINESTRING (78.48207222222223 17.374933333333335, 78.48996903 17.37388949, 78.489081 17.374903, 78.48946364 17.37687995, 78.48207222222223 17.374933333333335)"
IBT,6_35,Mini Tipper 4T,4.0,16.0,3420,85.5,50,1.4,"LINESTRING (78.48207222222223 17.374933333333335, 78.48938727 17.37745982, 78.493788 17.375021, 78.49384412 17.37503669, 78.48207222222223 17.374933333333335)"
IBT,6_36,Mini Tipper 4T,4.0,16.0,3420,85.5,61,1.4,"LINESTRING (78.48207222222223 17.374933333333335, 78.49462547 17.37465787, 78.49554415 17.37750041, 78.49627056 17.38057791, 78.49799594 17.37957064, 78.48207222222223 17.374933333333335)"
IBT,6_37,Mini Tipper 4T,4.0,16.0,3360,84.0,78,1.4,"LINESTRING (78.48207222222223 17.374933333333335, 78.4994096 17.38143206, 78.49861329 17.38255739, 78.5008123 17.37937141, 78.50271365 17.37823946, 78.50429796 17.37615029, 78.50585 17.375677, 78.48207222222223 17.374933333333335)"
IBT,6_38,Mini Tipper 4T,4.0,16.0,3770,94.2,79,1.4,"LINESTRING (78.48207222222223 17.374933333333335, 78.50410149 17.37520533, 78.5034799 17.37506399, 78.50156041 17.37298442, 78.50303465 17.3720829, 78.50485989 17.37164895, 78.50558881 17.36971719, 78.48207222222223 17.374933333333335)"
IBT,6_39,Mini Tipper 4T,4.0,16.0,3850,96.2,71,1.4,"LINESTRING (78.48207222222223 17.374933333333335, 78.50529711 17.36838168, 78.50301756 17.36796875, 78.5001453 17.37031443, 78.49931551 17.37130635, 78.4964263 17.37213198, 78.48207222222223 17.374933333333335)"
IBT,6_40,Mini Tipper 4T,4.0,16.0,2720,68.0,69,1.4,"LINESTRING (78.48207222222223 17.374933333333335, 78.50610466 17.37202151, 78.50717051 17.37264535, 78.50781178 17.37288866, 78.50940335 17.37533895, 78.48207222222223 17.374933333333335)"
IBT,6_41,Mini Tipper 4T,4.0,16.0,3490,87.2,74,1.4,"LINESTRING (78.48207222222223 17.374933333333335, 78.51133655 17.37879005, 78.511789 17.383577, 78.51104218 17.38424447, 78.51010174 17.38376256, 78.48207222222223 17.374933333333335)"
IBT,6_42,Mini Tipper 4T,4.0,16.0,3880,97.0,76,1.4,"LINESTRING (78.48207222222223 17.374933333333335, 78.5084376 17.3851968, 78.5068796 17.38378935, 78.5059515 17.38534304, 78.50251733 17.38162868, 78.50034254 17.3782932, 78.48207222222223 17.374933333333335)"
IBT,6_43,Mini Tipper 4T,4.0,16.0,3360,84.0,56,1.4,"LINESTRING (78.48207222222223 17.374933333333335, 78.50085136 17.37692519, 78.49806019 17.37567409, 78.49342725 17.37835168, 78.48207222222223 17.374933333333335)"
IBT,6_44,Mini Tipper 4T,4.0,4.5,3450,86.2,50,1.4,"LINESTRING (78.48207222222223 17.374933333333335, 78.49334813 17.3791022, 78.49207157 17.37827141, 78.49062997 17.3774279, 78.48207222222223 17.374933333333335)"
IBT,6_45,Mini Tipper 4T,4.0,16.0,3890,97.2,60,1.4,"LINESTRING (78.48207222222223 17.374933333333335, 78.489281 17.379562, 78.489029 17.381625, 78.489081 17.381733, 78.490151 17.38193, 78.4914724 17.38160794, 78.48207222222223 17.374933333333335)"
IBT,6_46,Mini Tipper 4T,4.0,16.0,3620,90.5,51,1.4,"LINESTRING (78.48207222222223 17.374933333333335, 78.491088 17.383054, 78.490669 17.383672, 78.490471 17.383805, 78.48207222222223 17.374933333333335)"
IBT,6_47,Mini Tipper 4T,4.0,16.0,3260,81.5,53,1.4,"LINESTRING (78.48207222222223 17.374933333333335, 78.485012 17.382671, 78.481647 17.381924, 78.481599 17.381905, 78.48156576 17.38177385, 78.48207222222223 17.374933333333335)"
IBT,6_48,Mini Tipper 4T,4.0,16.0,3460,86.5,47,1.4,"LINESTRING (78.48207222222223 17.374933333333335, 78.481103 17.381531, 78.481028 17.382055, 78.480118 17.382875, 78.48207222222223 17.374933333333335)"
IBT,6_49,Mini Tipper 4T,4.0,16.0,3390,84.8,61,1.4,"LINESTRING (78.48207222222223 17.374933333333335, 78.47769295 17.38205225, 78.47850195 17.37976628, 78.47490282 17.38170792, 78.475017 17.378761, 78.474695 17.378117, 78.48207222222223 17.374933333333335)"
IBT,6_50,Mini Tipper 4T,4.0,16.0,3760,94.0,52,1.4,"LINESTRING (78.48207222222223 17.374933333333335, 78.47471928 17.37806793, 78.475975 17.377586, 78.476801 17.376972, 78.475901 17.376046, 78.48207222222223 17.374933333333335)"
IBT,6_51,Mini Tipper 4T,4.0,16.0,3890,97.2,59,1.4,"LINESTRING (78.48207222222223 17.374933333333335, 78.477421 17.37938, 78.479267 17.378717, 78.479041 17.374801, 78.481028 17.372864, 78.48138356 17.37090656, 78.48207222222223 17.374933333333335)"
IBT,6_52,Mini Tipper 4T,4.0,16.0,2620,65.5,46,1.4,"LINESTRING (78.48207222222223 17.374933333333335, 78.48138356 17.37090656, 78.479531 17.36972287, 78.4779182 17.36943329, 78.48207222222223 17.374933333333335)"
IBT,6_53,Mini Tipper 4T,4.0,16.0,1960,49.0,52,1.4,"LINESTRING (78.48207222222223 17.374933333333335, 78.4779182 17.36943329, 78.483383 17.373071, 78.48405842 17.37428114, 78.48405842 17.37428114, 78.48207222222223 17.374933333333335)"
Jubilee Hills Road No 51,11_1,Mini Tipper 16T,16.0,16.0,15540,97.1,147,1.4,"LINESTRING (78.39998055555556 17.4266, 78.39985302 17.42183266, 78.3998528 17.4218059, 78.4014778 17.4211571, 78.40005829 17.41874121, 78.4011376 17.4201964, 78.4016593 17.4204625, 78.401964 17.421927, 78.40343669 17.42555195, 78.406199 17.426233, 78.4116186 17.4239991, 78.41340499 17.42459886, 78.413448 17.426694, 78.415352 17.428288, 78.413762 17.429542, 78.418729 17.42985, 78.418266 17.4319829, 78.4183467 17.4320351, 78.4211532 17.4292212, 78.421818 17.429202, 78.39998055555556 17.4266)"
Jubilee Hills Road No 51,11_2,Mini Tipper 16T,16.0,16.0,15250,95.3,129,1.4,"LINESTRING (78.39998055555556 17.4266, 78.422493 17.429708, 78.4226611 17.4299087, 78.4207114 17.4318234, 78.4199553 17.4318404, 78.4174895 17.4333866, 78.4165592 17.4338974, 78.41638665 17.43386618, 78.41638 17.434105, 78.41561078 17.43495171, 78.4155188 17.4352463, 78.41475148 17.43642514, 78.4146583 17.4364867, 78.4135885 17.4346938, 78.4127062 17.4359127, 78.41125781 17.43533661, 78.41267782 17.43615377, 78.39998055555556 17.4266)"
Jubilee Hills Road No 51,11_3,Mini Tipper 8T,8.0,16.0,7910,98.9,94,1.4,"LINESTRING (78.39998055555556 17.4266, 78.4138801 17.4383816, 78.413894 17.438468, 78.41455 17.4399317, 78.414259 17.441931, 78.412336 17.442306, 78.411955 17.441351, 78.4085041 17.4399152, 78.4063385 17.4377688, 78.4051359 17.4351044, 78.4050633 17.4336285, 78.39998055555556 17.4266)"
Jubilee Hills Road No 51,11_4,Mini Tipper 8T,8.0,16.0,6680,83.5,99,1.4,"LINESTRING (78.39998055555556 17.4266, 78.40528 17.431945, 78.4028537 17.4331758, 78.4010089 17.4349873, 78.3992333 17.4381747, 78.3961 17.4418, 78.3599819 17.452555, 78.39998055555556 17.4266)"
Jubilee Hills Road No 51,11_5,Mini Tipper 8T,8.0,16.0,7830,97.9,177,1.4,"LINESTRING (78.39998055555556 17.4266, 78.3624 17.4241, 78.3621 17.4143, 78.3624 17.3917, 78.3621 17.3816, 78.313681 17.383486, 78.364013672 17.364011765, 78.375868 17.377704, 78.377191 17.376555, 78.381495 17.379558, 78.39998055555556 17.4266)"
Jubilee Hills Road No 51,11_6,Mini Tipper 4T,4.0,16.0,2890,72.2,87,1.4,"LINESTRING (78.39998055555556 17.4266, 78.3834 17.3809, 78.38151609 17.37953763, 78.378961 17.382248, 78.39998055555556 17.4266)"
Jubilee Hills Road No 51,11_7,Mini Tipper 4T,4.0,16.0,3620,90.5,98,1.4,"LINESTRING (78.39998055555556 17.4266, 78.37924417 17.3835004, 78.3861 17.3913, 78.3816 17.3969, 78.3921 17.3869, 78.39998055555556 17.4266)"
Jubilee Hills Road No 51,11_8,Mini Tipper 4T,4.0,16.0,3420,85.5,70,1.4,"LINESTRING (78.39998055555556 17.4266, 78.3891 17.397, 78.3897511 17.3970727, 78.3932279 17.3970607, 78.39998055555556 17.4266)"
Jubilee Hills Road No 51,11_9,Mini Tipper 4T,4.0,16.0,3690,92.2,81,1.4,"LINESTRING (78.39998055555556 17.4266, 78.3927701 17.3952465, 78.398587 17.392336, 78.39862 17.392346, 78.4026968 17.38902985, 78.39998055555556 17.4266)"
Jubilee Hills Road No 51,11_10,Mini Tipper 4T,4.0,16.0,3140,78.5,99,1.4,"LINESTRING (78.39998055555556 17.4266, 78.403676 17.384718, 78.403445 17.385097, 78.40524186 17.38880616, 78.40529135 17.3888823, 78.405688 17.390049, 78.406015 17.390249, 78.40636765 17.39111105, 78.39998055555556 17.4266)"
Jubilee Hills Road No 51,11_11,Mini Tipper 4T,4.0,16.0,3810,95.2,85,1.4,"LINESTRING (78.39998055555556 17.4266, 78.40643491 17.39111613, 78.410524 17.393794, 78.410137 17.394712, 78.412748 17.39823, 78.41335987 17.39837431, 78.39998055555556 17.4266)"
Jubilee Hills Road No 51,11_12,Mini Tipper 4T,4.0,16.0,3160,79.0,68,1.4,"LINESTRING (78.39998055555556 17.4266, 78.4136596 17.3991637, 78.4128397 17.3994796, 78.4128728 17.3996391, 78.39998055555556 17.4266)"
Jubilee Hills Road No 51,11_13,Mini Tipper 4T,4.0,16.0,3490,87.2,73,1.4,"LINESTRING (78.39998055555556 17.4266, 78.4128323 17.3999258, 78.4112339 17.4006711, 78.40902268 17.39971838, 78.4090628 17.399425, 78.39998055555556 17.4266)"
Jubilee Hills Road No 51,11_14,Mini Tipper 4T,4.0,16.0,3860,96.5,78,1.4,"LINESTRING (78.39998055555556 17.4266, 78.408363 17.399506, 78.40835287 17.39946179, 78.403162 17.397497, 78.401618 17.401755, 78.400858 17.402849, 78.39998055555556 17.4266)"
Jubilee Hills Road No 51,11_15,Mini Tipper 4T,4.0,16.0,3440,86.0,79,1.4,"LINESTRING (78.39998055555556 17.4266, 78.400721 17.4029143, 78.3990989 17.4000461, 78.39854741 17.40160518, 78.3992 17.4018, 78.4008039 17.4038175, 78.399896 17.405236, 78.39998055555556 17.4266)"
Jubilee Hills Road No 51,11_16,Mini Tipper 4T,4.0,16.0,3020,75.5,67,1.4,"LINESTRING (78.39998055555556 17.4266, 78.39499587 17.40888949, 78.39639423 17.40554823, 78.4026202 17.406304, 78.403832 17.407127, 78.39998055555556 17.4266)"
Jubilee Hills Road No 51,11_17,Mini Tipper 4T,4.0,16.0,3650,91.2,68,1.4,"LINESTRING (78.39998055555556 17.4266, 78.4052567 17.406185, 78.40769059 17.40444558, 78.4100367 17.405015, 78.41094523 17.40548719, 78.39998055555556 17.4266)"
Jubilee Hills Road No 51,11_18,Mini Tipper 4T,4.0,16.0,3550,88.8,62,1.4,"LINESTRING (78.39998055555556 17.4266, 78.4120717 17.40629, 78.4124964 17.40648, 78.4126847 17.40640439, 78.39998055555556 17.4266)"
Jubilee Hills Road No 51,11_19,Mini Tipper 4T,4.0,16.0,2910,72.8,72,1.4,"LINESTRING (78.39998055555556 17.4266, 78.41550253 17.40379525, 78.41725681 17.40438102, 78.419594 17.409107, 78.4196948 17.4091014, 78.39998055555556 17.4266)"
Jubilee Hills Road No 51,11_20,Mini Tipper 4T,4.0,16.0,3460,86.5,64,1.4,"LINESTRING (78.39998055555556 17.4266, 78.419697 17.409122, 78.4199867 17.4085669, 78.419489 17.408208, 78.39998055555556 17.4266)"
Jubilee Hills Road No 51,11_21,Mini Tipper 4T,4.0,16.0,3180,79.5,78,1.4,"LINESTRING (78.39998055555556 17.4266, 78.417447 17.40791, 78.41733797 17.40798722, 78.41796849 17.40270935, 78.41895161 17.40268554, 78.418101 17.402673, 78.39998055555556 17.4266)"
Jubilee Hills Road No 51,11_22,Mini Tipper 4T,4.0,16.0,3530,88.2,80,1.4,"LINESTRING (78.39998055555556 17.4266, 78.416916 17.400503, 78.416037 17.39931, 78.415962 17.399218, 78.415732 17.397872, 78.41515404 17.39919092, 78.39998055555556 17.4266)"
Jubilee Hills Road No 51,11_23,Mini Tipper 4T,4.0,4.5,3610,90.2,75,1.4,"LINESTRING (78.39998055555556 17.4266, 78.4097078 17.4070962, 78.4096938 17.4071393, 78.40888907 17.40763578, 78.4088138 17.4076853, 78.40664424 17.40972364, 78.40602743 17.41029487, 78.39998055555556 17.4266)"
Jubilee Hills Road No 51,11_24,Mini Tipper 4T,4.0,16.0,3620,90.5,55,1.4,"LINESTRING (78.39998055555556 17.4266, 78.40508801 17.4107874, 78.40423489 17.41099777, 78.4039535 17.4123007, 78.39998055555556 17.4266)"
Jubilee Hills Road No 51,11_25,Mini Tipper 4T,4.0,16.0,3760,94.0,54,1.4,"LINESTRING (78.39998055555556 17.4266, 78.404211 17.412613, 78.4043224 17.4129194, 78.40630408 17.41253817, 78.39998055555556 17.4266)"
Jubilee Hills Road No 51,11_26,Mini Tipper 4T,4.0,16.0,3920,98.0,64,1.4,"LINESTRING (78.39998055555556 17.4266, 78.40561 17.414525, 78.406297 17.41484, 78.4077639 17.4144733, 78.407862 17.41438, 78.4083173 17.4139217, 78.39998055555556 17.4266)"
Jubilee Hills Road No 51,11_27,Mini Tipper 4T,4.0,16.0,3320,83.0,54,1.4,"LINESTRING (78.39998055555556 17.4266, 78.4083234 17.4138855, 78.4091531 17.4144546, 78.40947768 17.41428948, 78.39998055555556 17.4266)"
Jubilee Hills Road No 51,11_28,Mini Tipper 4T,4.0,16.0,3380,84.5,63,1.4,"LINESTRING (78.39998055555556 17.4266, 78.4111104 17.413708, 78.40803402 17.41127055, 78.40945696 17.41119029, 78.4103151 17.4123134, 78.39998055555556 17.4266)"
Jubilee Hills Road No 51,11_29,Mini Tipper 4T,4.0,16.0,3380,84.5,68,1.4,"LINESTRING (78.39998055555556 17.4266, 78.4110251 17.4120845, 78.41106 17.412082, 78.4117824 17.4124622, 78.41222904 17.41254003, 78.414125 17.412417, 78.39998055555556 17.4266)"
Jubilee Hills Road No 51,11_30,Mini Tipper 4T,4.0,16.0,3890,97.2,59,1.4,"LINESTRING (78.39998055555556 17.4266, 78.4143 17.4123, 78.414333 17.4122071, 78.41638087 17.41293393, 78.39998055555556 17.4266)"
Jubilee Hills Road No 51,11_31,Mini Tipper 4T,4.0,16.0,3940,98.5,70,1.4,"LINESTRING (78.39998055555556 17.4266, 78.4173016 17.4167694, 78.4142 17.4146, 78.41224198 17.41212373, 78.4121538 17.4121831, 78.41117 17.413835, 78.39998055555556 17.4266)"
Jubilee Hills Road No 51,11_32,Mini Tipper 4T,4.0,16.0,3420,85.5,58,1.4,"LINESTRING (78.39998055555556 17.4266, 78.41121429 17.41562295, 78.4109614 17.4158268, 78.4104814 17.4178397, 78.406592 17.422473, 78.39998055555556 17.4266)"
Jubilee Hills Road No 51,11_33,Mini Tipper 4T,4.0,16.0,2900,72.5,50,1.4,"LINESTRING (78.39998055555556 17.4266, 78.4071318 17.4279451, 78.409228 17.429018, 78.4076265 17.4335413, 78.39998055555556 17.4266)"
Jubilee Hills Road No 51,11_34,Mini Tipper 4T,4.0,16.0,1390,34.8,42,1.4,"LINESTRING (78.39998055555556 17.4266, 78.4057229 17.4319365, 78.403561 17.428153, 78.39998055555556 17.4266)"
Bandlaguda,9_1,Mini Tipper 8T,8.0,16.0,7070,88.4,93,1.4,"LINESTRING (78.46199444444444 17.316966666666666, 78.45625706 17.31545386, 78.4527083 17.31646752, 78.45182835 17.31713771, 78.45503219 17.32307338, 78.454436 17.32198245, 78.45176341 17.32140863, 78.45095962 17.32190849, 78.45205367 17.3205691, 78.44966011 17.31677135, 78.44811439 17.31512037, 78.46199444444444 17.316966666666666)"
Bandlaguda,9_2,Mini Tipper 4T,4.0,16.0,2460,61.5,50,1.4,"LINESTRING (78.46199444444444 17.316966666666666, 78.4503932 17.30710295, 78.4499863 17.304654, 78.46199444444444 17.316966666666666)"
Bandlaguda,9_3,Mini Tipper 4T,4.0,16.0,3690,92.2,97,1.4,"LINESTRING (78.46199444444444 17.316966666666666, 78.490146 17.266812, 78.490156 17.286498, 78.481012 17.286421, 78.467348 17.310631, 78.46199444444444 17.316966666666666)"
Bandlaguda,9_4,Mini Tipper 4T,4.0,16.0,3550,88.8,54,1.4,"LINESTRING (78.46199444444444 17.316966666666666, 78.46260204 17.31457749, 78.46306703 17.31832085, 78.46322624 17.31945584, 78.46644657 17.32469794, 78.46199444444444 17.316966666666666)"
Bandlaguda,9_5,Mini Tipper 4T,4.0,16.0,3080,77.0,57,1.4,"LINESTRING (78.46199444444444 17.316966666666666, 78.466173 17.32529, 78.46683231 17.32764188, 78.467682 17.327528, 78.46892935 17.32788383, 78.46199444444444 17.316966666666666)"
Bandlaguda,9_6,Mini Tipper 4T,4.0,16.0,3410,85.2,69,1.4,"LINESTRING (78.46199444444444 17.316966666666666, 78.46905 17.327978, 78.470116 17.33082, 78.473452 17.328438, 78.47197 17.32405, 78.476051 17.323957, 78.46199444444444 17.316966666666666)"
Bandlaguda,9_7,Mini Tipper 4T,4.0,16.0,2930,73.2,77,1.4,"LINESTRING (78.46199444444444 17.316966666666666, 78.477607 17.325616, 78.48531127 17.31604063, 78.48728592 17.33085271, 78.487328 17.331681, 78.46199444444444 17.316966666666666)"
Bandlaguda,9_8,Mini Tipper 4T,4.0,16.0,3690,92.2,75,1.4,"LINESTRING (78.46199444444444 17.316966666666666, 78.484197 17.336476, 78.48434 17.337038, 78.482133 17.338042, 78.483034 17.341325, 78.46199444444444 17.316966666666666)"
Bandlaguda,9_9,Mini Tipper 4T,4.0,16.0,3530,88.2,70,1.4,"LINESTRING (78.46199444444444 17.316966666666666, 78.487197 17.339621, 78.487454 17.339494, 78.48684 17.337561, 78.46199444444444 17.316966666666666)"
Bandlaguda,9_10,Mini Tipper 4T,4.0,16.0,2960,74.0,71,1.4,"LINESTRING (78.46199444444444 17.316966666666666, 78.48037 17.337707, 78.478832 17.334588, 78.474608 17.336765, 78.47278 17.336866, 78.46199444444444 17.316966666666666)"
Bandlaguda,9_11,Mini Tipper 4T,4.0,16.0,3980,99.5,66,1.4,"LINESTRING (78.46199444444444 17.316966666666666, 78.4740383 17.333366, 78.470569 17.332508, 78.467485 17.333813, 78.471093 17.320822, 78.46199444444444 17.316966666666666)"
Bandlaguda,9_12,Mini Tipper 4T,4.0,16.0,2460,61.5,40,1.4,"LINESTRING (78.46199444444444 17.316966666666666, 78.467291 17.319681, 78.46540318 17.31717068, 78.46199444444444 17.316966666666666)"
Mir Alam Tank,8_1,Mini Tipper 16T,16.0,16.0,14590,91.2,109,1.4,"LINESTRING (78.44905277777778 17.336930555555554, 78.44650744 17.33549958, 78.44737411 17.33386749, 78.44903558 17.33248303, 78.44767647 17.33149732, 78.44603276 17.33002221, 78.44649099 17.3311143, 78.44934189 17.33028609, 78.44939752 17.3280767, 78.450736 17.326969, 78.44985274 17.32535928, 78.4452156 17.32504489, 78.4567812 17.32831073, 78.45589779 17.33304767, 78.44905277777778 17.336930555555554)"
Mir Alam Tank,8_2,Mini Tipper 8T,8.0,16.0,8000,100.0,85,1.4,"LINESTRING (78.44905277777778 17.336930555555554, 78.458597 17.337564, 78.459083 17.340262, 78.4593256 17.340398, 78.462175 17.339705, 78.46281343 17.34046349, 78.467863 17.3375, 78.467825 17.3389526, 78.468419 17.343179, 78.44905277777778 17.336930555555554)"
Mir Alam Tank,8_3,Mini Tipper 4T,4.0,16.0,3820,95.5,63,1.4,"LINESTRING (78.44905277777778 17.336930555555554, 78.467731 17.347338, 78.467884 17.347651, 78.47137065 17.3503083, 78.44905277777778 17.336930555555554)"
Mir Alam Tank,8_4,Mini Tipper 4T,4.0,16.0,3540,88.5,84,1.4,"LINESTRING (78.44905277777778 17.336930555555554, 78.47421754 17.34351715, 78.4725153 17.33998131, 78.473184 17.338875, 78.46938 17.336812, 78.468153 17.337499, 78.46657312 17.33779394, 78.46623 17.337467, 78.44905277777778 17.336930555555554)"
Mir Alam Tank,8_5,Mini Tipper 4T,4.0,16.0,3690,92.2,68,1.4,"LINESTRING (78.44905277777778 17.336930555555554, 78.46505386 17.3373399, 78.464917 17.337352, 78.45946174 17.3404252, 78.45812785 17.34460891, 78.45768 17.346803, 78.44905277777778 17.336930555555554)"
Mir Alam Tank,8_6,Mini Tipper 4T,4.0,16.0,3190,79.8,62,1.4,"LINESTRING (78.44905277777778 17.336930555555554, 78.459137 17.346872, 78.462568 17.347513, 78.46242415 17.34852074, 78.462335 17.350145, 78.44905277777778 17.336930555555554)"
Mir Alam Tank,8_7,Mini Tipper 4T,4.0,16.0,3760,94.0,66,1.4,"LINESTRING (78.44905277777778 17.336930555555554, 78.46260909 17.35027796, 78.463242 17.35179, 78.46501264 17.35415756, 78.465032 17.354197, 78.44905277777778 17.336930555555554)"
Mir Alam Tank,8_8,Mini Tipper 4T,4.0,16.0,3910,97.8,77,1.4,"LINESTRING (78.44905277777778 17.336930555555554, 78.4657968 17.3540466, 78.465592 17.352293, 78.46332218 17.35186557, 78.462147 17.352172, 78.46219618 17.35233077, 78.46107135 17.35168459, 78.44905277777778 17.336930555555554)"
Mir Alam Tank,8_9,Mini Tipper 4T,4.0,16.0,3920,98.0,73,1.4,"LINESTRING (78.44905277777778 17.336930555555554, 78.458558 17.353328, 78.459618 17.353178, 78.460888 17.352047, 78.458943 17.349353, 78.458621 17.348668, 78.457193 17.347638, 78.44905277777778 17.336930555555554)"
Mir Alam Tank,8_10,Mini Tipper 4T,4.0,16.0,3490,87.2,71,1.4,"LINESTRING (78.44905277777778 17.336930555555554, 78.45753973 17.34685996, 78.454375 17.347978, 78.455998 17.35056, 78.451973 17.34803, 78.449223 17.343957, 78.453145 17.342313, 78.44905277777778 17.336930555555554)"
Mir Alam Tank,8_11,Mini Tipper 4T,4.0,16.0,3600,90.0,77,1.4,"LINESTRING (78.44905277777778 17.336930555555554, 78.448613 17.343396, 78.441785 17.343396, 78.43480806 17.34105978, 78.42867986 17.33846326, 78.42793218 17.3383142, 78.42640462 17.33789289, 78.44905277777778 17.336930555555554)"
Mir Alam Tank,8_12,Mini Tipper 4T,4.0,16.0,3640,91.0,80,1.4,"LINESTRING (78.44905277777778 17.336930555555554, 78.42735256 17.34302475, 78.42394919 17.34176198, 78.418348 17.347224, 78.41768597 17.34350419, 78.418431 17.342744, 78.44905277777778 17.336930555555554)"
Mir Alam Tank,8_13,Mini Tipper 4T,4.0,16.0,3720,93.0,66,1.4,"LINESTRING (78.44905277777778 17.336930555555554, 78.42035183 17.34270416, 78.4225233 17.34227214, 78.422637 17.342098, 78.44905277777778 17.336930555555554)"
Mir Alam Tank,8_14,Mini Tipper 4T,4.0,16.0,3970,99.2,73,1.4,"LINESTRING (78.44905277777778 17.336930555555554, 78.42529802 17.33924019, 78.426034 17.337137, 78.42685463 17.3339914, 78.427658081 17.332489014, 78.43552249 17.32885165, 78.44905277777778 17.336930555555554)"
Mir Alam Tank,8_15,Mini Tipper 4T,4.0,16.0,3490,87.2,62,1.4,"LINESTRING (78.44905277777778 17.336930555555554, 78.43711962 17.33010958, 78.43787451 17.33084951, 78.44233092 17.33478339, 78.44416313 17.33504617, 78.44527733 17.3367738, 78.44905277777778 17.336930555555554)"
Ziyaguda,10_1,Mini Tipper 16T,16.0,16.0,14520,90.8,138,1.4,"LINESTRING (78.44441111111111 17.36666388888889, 78.4449528 17.3691196, 78.44544 17.369464, 78.442829 17.36925, 78.442697 17.369626, 78.442831 17.370559, 78.441181 17.371132, 78.440933 17.371328, 78.4438714 17.3718075, 78.44565976 17.37310383, 78.44583 17.373186, 78.44641023 17.37396413, 78.446435 17.373968, 78.44802 17.37402, 78.44806145 17.37403861, 78.44809 17.374005, 78.448993 17.372981, 78.44904019 17.37298919, 78.450736 17.372969, 78.450936 17.372969, 78.452683 17.371736, 78.44441111111111 17.36666388888889)"
Ziyaguda,10_2,Mini Tipper 16T,16.0,16.0,15650,97.8,156,1.4,"LINESTRING (78.44441111111111 17.36666388888889, 78.45273386 17.37167911, 78.454541 17.375307, 78.456373 17.377391, 78.4555 17.381932, 78.45766 17.382247, 78.458246 17.380989, 78.456582 17.37943, 78.456913 17.378213, 78.458371 17.375254, 78.460644 17.377189, 78.459691 17.373712, 78.457232 17.371562, 78.4564487 17.3704797, 78.45544432 17.37040234, 78.455331 17.370619, 78.454222 17.369144, 78.458054 17.3700516, 78.4610398 17.37019282, 78.46366396 17.36754928, 78.464015 17.367267, 78.44441111111111 17.36666388888889)"
Ziyaguda,10_3,Mini Tipper 16T,16.0,16.0,15870,99.2,137,1.4,"LINESTRING (78.44441111111111 17.36666388888889, 78.46226346 17.3652787, 78.46226346 17.3652787, 78.46258 17.364281, 78.46178319 17.36292533, 78.46062333 17.3626562, 78.46064307 17.36134464, 78.459957 17.356458, 78.462164 17.356451, 78.464005 17.356427, 78.463413 17.354547, 78.46469512 17.35739346, 78.46600427 17.3581877, 78.46460967 17.36024312, 78.46406045 17.36099554, 78.46239039 17.35917806, 78.46239039 17.35917806, 78.46120034 17.36061158, 78.44441111111111 17.36666388888889)"
Ziyaguda,10_4,Mini Tipper 8T,8.0,16.0,7600,95.0,91,1.4,"LINESTRING (78.44441111111111 17.36666388888889, 78.45911884 17.36076008, 78.458982 17.360736, 78.457807 17.360638, 78.45763816 17.36062749, 78.455695 17.359203, 78.456851 17.358258, 78.4568155 17.358213, 78.456368 17.358438, 78.453173 17.359128, 78.4532958 17.3600741, 78.44441111111111 17.36666388888889)"
Ziyaguda,10_5,Mini Tipper 8T,8.0,16.0,7710,96.4,75,1.4,"LINESTRING (78.44441111111111 17.36666388888889, 78.45253 17.361579, 78.451366 17.360533, 78.449169 17.361547, 78.4494513 17.362033, 78.449748 17.362906, 78.4500621 17.3635668, 78.451373 17.364942, 78.451388 17.36503, 78.44441111111111 17.36666388888889)"
Ziyaguda,10_6,Mini Tipper 8T,8.0,16.0,7350,91.9,78,1.4,"LINESTRING (78.44441111111111 17.36666388888889, 78.451354 17.365032, 78.45495 17.364649, 78.455111 17.364612, 78.455441 17.365569, 78.45693627 17.36464198, 78.45698 17.364698, 78.45906285 17.3656127, 78.45884264 17.36633233, 78.44441111111111 17.36666388888889)"
Ziyaguda,10_7,Mini Tipper 8T,8.0,16.0,7850,98.1,84,1.4,"LINESTRING (78.44441111111111 17.36666388888889, 78.45884264 17.36633233, 78.4564297 17.3671517, 78.456429 17.367172, 78.4532724 17.3692905, 78.45117 17.369809, 78.4504352 17.3697383, 78.450251 17.369838, 78.44998442 17.37149843, 78.448879 17.371363, 78.44441111111111 17.36666388888889)"
Ziyaguda,10_8,Mini Tipper 8T,8.0,16.0,6730,84.1,100,1.4,"LINESTRING (78.44441111111111 17.36666388888889, 78.448778 17.371362, 78.4477859 17.37128546, 78.447733 17.371303, 78.447525 17.372573, 78.44746705 17.3725902, 78.450182 17.374256, 78.450513 17.374622, 78.450513 17.374712, 78.450814 17.374944, 78.450959 17.374997, 78.450936 17.374969, 78.4509407 17.3749178, 78.450913 17.374912, 78.44441111111111 17.36666388888889)"
Ziyaguda,10_9,Mini Tipper 4T,4.0,16.0,2990,74.8,44,1.4,"LINESTRING (78.44441111111111 17.36666388888889, 78.45088200000001 17.374903, 78.450915 17.374831, 78.44441111111111 17.36666388888889)"
Ziyaguda,10_10,Mini Tipper 4T,4.0,16.0,3060,76.5,51,1.4,"LINESTRING (78.44441111111111 17.36666388888889, 78.450918 17.374784, 78.450898 17.374774, 78.44967 17.37717, 78.44441111111111 17.36666388888889)"
Ziyaguda,10_11,Mini Tipper 4T,4.0,16.0,3720,93.0,58,1.4,"LINESTRING (78.44441111111111 17.36666388888889, 78.451959 17.378761, 78.450903 17.379076, 78.449602 17.377178, 78.447956 17.376991, 78.44441111111111 17.36666388888889)"
Ziyaguda,10_12,Mini Tipper 4T,4.0,16.0,3620,90.5,55,1.4,"LINESTRING (78.44441111111111 17.36666388888889, 78.44622609 17.37959032, 78.44614526 17.38185184, 78.44668094 17.38350873, 78.44441111111111 17.36666388888889)"
Ziyaguda,10_13,Mini Tipper 4T,4.0,16.0,3450,86.2,63,1.4,"LINESTRING (78.44441111111111 17.36666388888889, 78.44888945 17.38327374, 78.44813966 17.38166396, 78.448334 17.38079, 78.44311018 17.38211866, 78.44441111111111 17.36666388888889)"
Ziyaguda,10_14,Mini Tipper 4T,4.0,16.0,3870,96.8,78,1.4,"LINESTRING (78.44441111111111 17.36666388888889, 78.44040853 17.38089534, 78.44090764 17.37990031, 78.44103958 17.37986705, 78.44182251 17.37906967, 78.4419518 17.37903976, 78.44204996 17.37884962, 78.442283 17.378203, 78.44222171 17.37805977, 78.44441111111111 17.36666388888889)"
Ziyaguda,10_15,Mini Tipper 4T,4.0,16.0,3850,96.2,56,1.4,"LINESTRING (78.44441111111111 17.36666388888889, 78.44365298 17.3760468, 78.443541 17.37612, 78.4401473 17.37769124, 78.43938614 17.37766298, 78.44441111111111 17.36666388888889)"
Ziyaguda,10_16,Mini Tipper 4T,4.0,16.0,3060,76.5,51,1.4,"LINESTRING (78.44441111111111 17.36666388888889, 78.43920447 17.3776329, 78.43836787 17.37534265, 78.4389353 17.37285817, 78.44441111111111 17.36666388888889)"
Ziyaguda,10_17,Mini Tipper 4T,4.0,4.5,2590,64.8,42,1.4,"LINESTRING (78.44441111111111 17.36666388888889, 78.439156 17.372816, 78.439625 17.372442, 78.44441111111111 17.36666388888889)"
Ziyaguda,10_18,Mini Tipper 4T,4.0,4.5,3720,93.0,56,1.4,"LINESTRING (78.44441111111111 17.36666388888889, 78.43955631 17.3723405, 78.438897 17.369778, 78.440924 17.371617, 78.440816 17.374922, 78.44441111111111 17.36666388888889)"
Ziyaguda,10_19,Mini Tipper 4T,4.0,16.0,3760,94.0,55,1.4,"LINESTRING (78.44441111111111 17.36666388888889, 78.440767 17.37489, 78.43825995 17.37537298, 78.437808 17.37519412, 78.437784 17.37522, 78.44441111111111 17.36666388888889)"
Ziyaguda,10_20,Mini Tipper 4T,4.0,16.0,3750,93.8,61,1.4,"LINESTRING (78.44441111111111 17.36666388888889, 78.436763 17.37671, 78.43336407 17.37642925, 78.429643 17.37499, 78.429593 17.375008, 78.44441111111111 17.36666388888889)"
Ziyaguda,10_21,Mini Tipper 4T,4.0,16.0,3690,92.2,68,1.4,"LINESTRING (78.44441111111111 17.36666388888889, 78.429192 17.374331, 78.4288952 17.3737761, 78.42828366 17.37331064, 78.427361 17.373286, 78.426458 17.375259, 78.44441111111111 17.36666388888889)"
Ziyaguda,10_22,Mini Tipper 4T,4.0,16.0,3790,94.8,68,1.4,"LINESTRING (78.44441111111111 17.36666388888889, 78.42551825 17.3754171, 78.425632 17.376976, 78.422929 17.377912, 78.421117 17.378713, 78.44441111111111 17.36666388888889)"
Ziyaguda,10_23,Mini Tipper 4T,4.0,16.0,3350,83.8,72,1.4,"LINESTRING (78.44441111111111 17.36666388888889, 78.420905 17.378974, 78.41855184 17.38015509, 78.41789192 17.37712996, 78.418064 17.375961, 78.44441111111111 17.36666388888889)"
Ziyaguda,10_24,Mini Tipper 4T,4.0,16.0,3720,93.0,72,1.4,"LINESTRING (78.44441111111111 17.36666388888889, 78.417102 17.374494, 78.418094 17.374042, 78.415224 17.373129, 78.41527476 17.3729526, 78.44441111111111 17.36666388888889)"
Ziyaguda,10_25,Mini Tipper 4T,4.0,16.0,2890,72.2,66,1.4,"LINESTRING (78.44441111111111 17.36666388888889, 78.413191 17.372858, 78.411012 17.37659, 78.44441111111111 17.36666388888889)"
Ziyaguda,10_26,Mini Tipper 4T,4.0,16.0,3890,97.2,88,1.4,"LINESTRING (78.44441111111111 17.36666388888889, 78.41109679 17.37669068, 78.40942761 17.37893631, 78.39608888 17.37517214, 78.396477 17.375228, 78.44441111111111 17.36666388888889)"
Ziyaguda,10_27,Mini Tipper 4T,4.0,16.0,3840,96.0,79,1.4,"LINESTRING (78.44441111111111 17.36666388888889, 78.409389 17.37912, 78.412355 17.37997, 78.412355 17.379977, 78.412074 17.380801, 78.44441111111111 17.36666388888889)"
Ziyaguda,10_28,Mini Tipper 4T,4.0,16.0,3790,94.8,80,1.4,"LINESTRING (78.44441111111111 17.36666388888889, 78.412077 17.380841, 78.41204391 17.38190205, 78.41313905 17.38200848, 78.41135 17.384902, 78.44441111111111 17.36666388888889)"
Ziyaguda,10_29,Mini Tipper 4T,4.0,16.0,3510,87.8,83,1.4,"LINESTRING (78.44441111111111 17.36666388888889, 78.40666282 17.38524458, 78.406492 17.385278, 78.41137104 17.38490862, 78.415122 17.386572, 78.44441111111111 17.36666388888889)"
Ziyaguda,10_30,Mini Tipper 4T,4.0,16.0,3020,75.5,71,1.4,"LINESTRING (78.44441111111111 17.36666388888889, 78.415315 17.386587, 78.41830714 17.38363184, 78.418237 17.383107, 78.44441111111111 17.36666388888889)"
Ziyaguda,10_31,Mini Tipper 4T,4.0,16.0,3880,97.0,74,1.4,"LINESTRING (78.44441111111111 17.36666388888889, 78.41848496 17.38234728, 78.418598 17.38145, 78.421504 17.381072, 78.425682 17.384885, 78.44441111111111 17.36666388888889)"
Ziyaguda,10_32,Mini Tipper 4T,4.0,16.0,3950,98.8,68,1.4,"LINESTRING (78.44441111111111 17.36666388888889, 78.429385 17.386315, 78.429639 17.386586, 78.43184651 17.38579624, 78.4343372 17.38583005, 78.44441111111111 17.36666388888889)"
Ziyaguda,10_33,Mini Tipper 4T,4.0,16.0,3990,99.8,83,1.4,"LINESTRING (78.44441111111111 17.36666388888889, 78.43531526 17.38581848, 78.43614012 17.38406627, 78.43521122 17.38296789, 78.43404143 17.38263681, 78.43497581 17.3807937, 78.433218 17.383032, 78.43405277 17.38374573, 78.44441111111111 17.36666388888889)"
Ziyaguda,10_34,Mini Tipper 4T,4.0,16.0,3980,99.5,66,1.4,"LINESTRING (78.44441111111111 17.36666388888889, 78.433943 17.383607, 78.432288 17.38291, 78.42933037 17.38248116, 78.42911 17.381534, 78.44441111111111 17.36666388888889)"
Ziyaguda,10_35,Mini Tipper 4T,4.0,16.0,3480,87.0,75,1.4,"LINESTRING (78.44441111111111 17.36666388888889, 78.428561 17.37943, 78.426582 17.3791566, 78.427339 17.377256, 78.427546 17.377106, 78.42032769 17.37106604, 78.44441111111111 17.36666388888889)"
Ziyaguda,10_36,Mini Tipper 4T,4.0,16.0,3920,98.0,71,1.4,"LINESTRING (78.44441111111111 17.36666388888889, 78.422805786 17.369028091, 78.42246614 17.36787224, 78.42364283 17.37122534, 78.426841 17.372876, 78.42950995 17.37232365, 78.44441111111111 17.36666388888889)"
Ziyaguda,10_37,Mini Tipper 4T,4.0,16.0,2960,74.0,54,1.4,"LINESTRING (78.44441111111111 17.36666388888889, 78.42845 17.37165, 78.4301893 17.37004784, 78.43190197 17.36907536, 78.44441111111111 17.36666388888889)"
Ziyaguda,10_38,Mini Tipper 4T,4.0,16.0,3390,84.8,59,1.4,"LINESTRING (78.44441111111111 17.36666388888889, 78.43189364 17.36651599, 78.42818751 17.36724988, 78.42895858 17.36593864, 78.43275658 17.36615968, 78.44441111111111 17.36666388888889)"
Ziyaguda,10_39,Mini Tipper 4T,4.0,16.0,3680,92.0,63,1.4,"LINESTRING (78.44441111111111 17.36666388888889, 78.433054 17.3644, 78.43227 17.36253, 78.43404986 17.36417229, 78.436415 17.364907, 78.43535532 17.36163884, 78.44441111111111 17.36666388888889)"
Ziyaguda,10_40,Mini Tipper 4T,4.0,16.0,3920,98.0,59,1.4,"LINESTRING (78.44441111111111 17.36666388888889, 78.43537113 17.36012483, 78.4337099 17.35932225, 78.432771 17.357339, 78.43425421 17.35580334, 78.44441111111111 17.36666388888889)"
Ziyaguda,10_41,Mini Tipper 4T,4.0,16.0,3750,93.8,53,1.4,"LINESTRING (78.44441111111111 17.36666388888889, 78.43652366 17.35642322, 78.440203 17.356883, 78.44152633 17.3550978, 78.44441111111111 17.36666388888889)"
Ziyaguda,10_42,Mini Tipper 4T,4.0,16.0,3280,82.0,73,1.4,"LINESTRING (78.44441111111111 17.36666388888889, 78.43281641 17.35521424, 78.43265845 17.35393597, 78.43187647 17.35311237, 78.43097601 17.35021911, 78.4246 17.34944, 78.44441111111111 17.36666388888889)"
Ziyaguda,10_43,Mini Tipper 4T,4.0,16.0,3660,91.5,64,1.4,"LINESTRING (78.44441111111111 17.36666388888889, 78.42233711 17.35040544, 78.4221577 17.3505806, 78.42330184 17.35225745, 78.44441111111111 17.36666388888889)"
Ziyaguda,10_44,Mini Tipper 4T,4.0,16.0,3020,75.5,71,1.4,"LINESTRING (78.44441111111111 17.36666388888889, 78.42584227 17.3518966, 78.42331463 17.35401764, 78.42195 17.3528, 78.42047458 17.35180607, 78.44441111111111 17.36666388888889)"
Ziyaguda,10_45,Mini Tipper 4T,4.0,16.0,3310,82.8,87,1.4,"LINESTRING (78.44441111111111 17.36666388888889, 78.41920023 17.35344538, 78.417956 17.353724, 78.41431623 17.34784077, 78.41615796 17.34796593, 78.41700762 17.34778933, 78.41676473 17.34941503, 78.44441111111111 17.36666388888889)"
Ziyaguda,10_46,Mini Tipper 4T,4.0,16.0,3630,90.8,91,1.4,"LINESTRING (78.44441111111111 17.36666388888889, 78.417923 17.35157, 78.41815669 17.3519442, 78.41787629 17.35225612, 78.41798824 17.35510812, 78.417953491 17.356113434, 78.421409607 17.358057022, 78.417951 17.356114, 78.44441111111111 17.36666388888889)"
Ziyaguda,10_47,Mini Tipper 4T,4.0,16.0,3380,84.5,67,1.4,"LINESTRING (78.44441111111111 17.36666388888889, 78.417617798 17.359903336, 78.416327 17.360722, 78.416999817 17.365188599, 78.44441111111111 17.36666388888889)"
Ziyaguda,10_48,Mini Tipper 4T,4.0,16.0,2590,64.8,65,1.4,"LINESTRING (78.44441111111111 17.36666388888889, 78.417167664 17.365255356, 78.419898987 17.364488602, 78.421257019 17.361761093, 78.44441111111111 17.36666388888889)"
Ziyaguda,10_49,Mini Tipper 4T,4.0,16.0,2560,64.0,60,1.4,"LINESTRING (78.44441111111111 17.36666388888889, 78.424831 17.357975, 78.42696688 17.35884436, 78.42772927 17.35566663, 78.44441111111111 17.36666388888889)"
Ziyaguda,10_50,Mini Tipper 4T,4.0,16.0,3460,86.5,57,1.4,"LINESTRING (78.44441111111111 17.36666388888889, 78.42619266 17.36023979, 78.42845641 17.36008473, 78.42916243 17.36157057, 78.44441111111111 17.36666388888889)"
Ziyaguda,10_51,Mini Tipper 4T,4.0,16.0,3260,81.5,55,1.4,"LINESTRING (78.44441111111111 17.36666388888889, 78.42964534 17.36304051, 78.4282006 17.36225, 78.43015337 17.36085404, 78.44441111111111 17.36666388888889)"
Ziyaguda,10_52,Mini Tipper 4T,4.0,16.0,2820,70.5,58,1.4,"LINESTRING (78.44441111111111 17.36666388888889, 78.43106161 17.36212015, 78.43301207 17.36238067, 78.433299 17.36089, 78.437105 17.359925, 78.44441111111111 17.36666388888889)"
Ziyaguda,10_53,Mini Tipper 4T,4.0,16.0,3130,78.2,41,1.4,"LINESTRING (78.44441111111111 17.36666388888889, 78.44018 17.360822, 78.439948 17.362867, 78.44441111111111 17.36666388888889)"
Ziyaguda,10_54,Mini Tipper 4T,4.0,16.0,3860,96.5,48,1.4,"LINESTRING (78.44441111111111 17.36666388888889, 78.44053124 17.36067676, 78.443047 17.359603, 78.445592 17.358933, 78.44441111111111 17.36666388888889)"
Ziyaguda,10_55,Mini Tipper 4T,4.0,16.0,3420,85.5,54,1.4,"LINESTRING (78.44441111111111 17.36666388888889, 78.44930489 17.35764502, 78.449382 17.357642, 78.4482945 17.3631411, 78.447996 17.36288, 78.44441111111111 17.36666388888889)"
Ziyaguda,10_56,Mini Tipper 4T,4.0,16.0,3660,91.5,49,1.4,"LINESTRING (78.44441111111111 17.36666388888889, 78.44773 17.36305, 78.44689 17.3633839, 78.445623 17.365547, 78.445596 17.365614, 78.44441111111111 17.36666388888889)"
Ziyaguda,10_57,Mini Tipper 4T,4.0,16.0,1800,45.0,38,1.4,"LINESTRING (78.44441111111111 17.36666388888889, 78.445793 17.366209, 78.4482439 17.367141, 78.44441111111111 17.36666388888889)"
Chacha Nehuru Park,14_1,Mini Tipper 16T,16.0,16.0,15460,96.6,130,1.4,"LINESTRING (78.45104444444445 17.40200833333333, 78.45278088 17.3994936, 78.45383895 17.4000037, 78.45032936 17.39891515, 78.44884799 17.39909042, 78.45027887 17.39465369, 78.45232182 17.39215461, 78.45217489 17.38971961, 78.45449003 17.38759379, 78.45758863 17.38809214, 78.45865665 17.38968983, 78.46065309 17.39030208, 78.46143565 17.3883382, 78.46334792 17.38665757, 78.46481587 17.38755962, 78.46377 17.386135, 78.461112 17.384061, 78.45104444444445 17.40200833333333)"
Chacha Nehuru Park,14_2,Mini Tipper 8T,8.0,16.0,7880,98.5,97,1.4,"LINESTRING (78.45104444444445 17.40200833333333, 78.460043 17.383145, 78.45836113 17.38473793, 78.456981 17.383429, 78.4556538 17.38506461, 78.45383265 17.38905428, 78.45301877 17.38967196, 78.44976854 17.3899799, 78.447581 17.388723, 78.44737929 17.39175346, 78.4474617 17.39262885, 78.45104444444445 17.40200833333333)"
Chacha Nehuru Park,14_3,Mini Tipper 4T,4.0,4.5,3780,94.5,57,1.4,"LINESTRING (78.45104444444445 17.40200833333333, 78.44569073 17.3920742, 78.443308 17.393743, 78.44306711 17.39669335, 78.44331049 17.39853786, 78.45104444444445 17.40200833333333)"
Chacha Nehuru Park,14_4,Mini Tipper 8T,8.0,16.0,8000,100.0,103,1.4,"LINESTRING (78.45104444444445 17.40200833333333, 78.43741523 17.388619, 78.44265027 17.39204354, 78.44067771 17.39477761, 78.43669697 17.39525211, 78.43133707 17.3932984, 78.42964486 17.38823596, 78.43123434 17.39204996, 78.4273619 17.3956166, 78.42735467 17.3958398, 78.45104444444445 17.40200833333333)"
Chacha Nehuru Park,14_5,Mini Tipper 8T,8.0,16.0,7240,90.5,81,1.4,"LINESTRING (78.45104444444445 17.40200833333333, 78.425675 17.396478, 78.425035 17.396612, 78.424385 17.396628, 78.42396 17.395138, 78.424233 17.395085, 78.422991 17.3929889, 78.45104444444445 17.40200833333333)"
Chacha Nehuru Park,14_6,Mini Tipper 4T,4.0,16.0,3690,92.2,76,1.4,"LINESTRING (78.45104444444445 17.40200833333333, 78.424089 17.392402, 78.42412611 17.39228922, 78.424839 17.39246, 78.424994 17.392296, 78.424713 17.390307, 78.45104444444445 17.40200833333333)"
Chacha Nehuru Park,14_7,Mini Tipper 4T,4.0,4.5,3550,88.8,82,1.4,"LINESTRING (78.45104444444445 17.40200833333333, 78.424619 17.390295, 78.423022 17.389665, 78.42299712 17.38965237, 78.4185703 17.3925898, 78.417155 17.392262, 78.45104444444445 17.40200833333333)"
Chacha Nehuru Park,14_8,Mini Tipper 4T,4.0,16.0,3190,79.8,74,1.4,"LINESTRING (78.45104444444445 17.40200833333333, 78.41402602 17.39131616, 78.41718576 17.39210685, 78.417279 17.393328, 78.45104444444445 17.40200833333333)"
Chacha Nehuru Park,14_9,Mini Tipper 4T,4.0,16.0,2820,70.5,77,1.4,"LINESTRING (78.45104444444445 17.40200833333333, 78.41743798 17.39350276, 78.417442 17.3951076, 78.415972 17.395699, 78.417531 17.396383, 78.45104444444445 17.40200833333333)"
Chacha Nehuru Park,14_10,Mini Tipper 4T,4.0,16.0,3890,97.2,74,1.4,"LINESTRING (78.45104444444445 17.40200833333333, 78.41898068 17.39784933, 78.417873 17.398792, 78.417784 17.398833, 78.4177908 17.3988505, 78.45104444444445 17.40200833333333)"
Chacha Nehuru Park,14_11,Mini Tipper 4T,4.0,16.0,3880,97.0,82,1.4,"LINESTRING (78.45104444444445 17.40200833333333, 78.419169 17.397952, 78.42054245 17.3987367, 78.42158704 17.39707225, 78.421555 17.396866, 78.421388 17.405618, 78.45104444444445 17.40200833333333)"
Chacha Nehuru Park,14_12,Mini Tipper 4T,4.0,16.0,3730,93.2,67,1.4,"LINESTRING (78.45104444444445 17.40200833333333, 78.42140704 17.40555534, 78.422634 17.405491, 78.423245 17.407834, 78.45104444444445 17.40200833333333)"
Chacha Nehuru Park,14_13,Mini Tipper 4T,4.0,16.0,3840,96.0,74,1.4,"LINESTRING (78.45104444444445 17.40200833333333, 78.429584 17.406346, 78.431337 17.406613, 78.43228523 17.40441778, 78.43450966 17.40459411, 78.43514309 17.40545526, 78.4404952 17.40393181, 78.45104444444445 17.40200833333333)"
Chacha Nehuru Park,14_14,Mini Tipper 4T,4.0,16.0,3980,99.5,63,1.4,"LINESTRING (78.45104444444445 17.40200833333333, 78.44103495 17.40414509, 78.44279926 17.40462892, 78.44280835 17.40246533, 78.44127977 17.40256196, 78.43898672 17.40289586, 78.45104444444445 17.40200833333333)"
Chacha Nehuru Park,14_15,Mini Tipper 4T,4.0,16.0,3060,76.5,47,1.4,"LINESTRING (78.45104444444445 17.40200833333333, 78.43898462 17.40168718, 78.43824383 17.40425145, 78.45104444444445 17.40200833333333)"
Chacha Nehuru Park,14_16,Mini Tipper 4T,4.0,16.0,3620,90.5,57,1.4,"LINESTRING (78.45104444444445 17.40200833333333, 78.43429447 17.40792381, 78.43428188 17.40912824, 78.434162 17.409986, 78.45104444444445 17.40200833333333)"
Chacha Nehuru Park,14_17,Mini Tipper 4T,4.0,16.0,3560,89.0,56,1.4,"LINESTRING (78.45104444444445 17.40200833333333, 78.434168 17.409198, 78.4374215 17.4096834, 78.438126 17.4093489, 78.45104444444445 17.40200833333333)"
Chacha Nehuru Park,14_18,Mini Tipper 4T,4.0,16.0,3180,79.5,64,1.4,"LINESTRING (78.45104444444445 17.40200833333333, 78.43826808 17.40939921, 78.439891 17.4100593, 78.44021577 17.41015692, 78.4418299 17.4101313, 78.445858 17.410797, 78.45104444444445 17.40200833333333)"
Chacha Nehuru Park,14_19,Mini Tipper 4T,4.0,16.0,3020,75.5,60,1.4,"LINESTRING (78.45104444444445 17.40200833333333, 78.4474212 17.4093246, 78.44643395 17.40872161, 78.44651 17.408659, 78.4486558 17.4084093, 78.45218773 17.41003614, 78.45104444444445 17.40200833333333)"
Chacha Nehuru Park,14_20,Mini Tipper 4T,4.0,16.0,3790,94.8,52,1.4,"LINESTRING (78.45104444444445 17.40200833333333, 78.452772 17.408562, 78.45435296 17.4085535, 78.45423604 17.40783727, 78.45464822 17.4062771, 78.45104444444445 17.40200833333333)"
Chacha Nehuru Park,14_21,Mini Tipper 4T,4.0,16.0,3340,83.5,71,1.4,"LINESTRING (78.45104444444445 17.40200833333333, 78.45584753 17.40893168, 78.45753742 17.40908148, 78.45799006 17.40945612, 78.45735594 17.40792766, 78.45696314 17.40698266, 78.45846377 17.40546044, 78.45960065 17.40498379, 78.45104444444445 17.40200833333333)"
Chacha Nehuru Park,14_22,Mini Tipper 4T,4.0,16.0,3530,88.2,50,1.4,"LINESTRING (78.45104444444445 17.40200833333333, 78.45946879 17.40310966, 78.46177645 17.40408784, 78.462743 17.40307, 78.45104444444445 17.40200833333333)"
Chacha Nehuru Park,14_23,Mini Tipper 4T,4.0,16.0,3560,89.0,58,1.4,"LINESTRING (78.45104444444445 17.40200833333333, 78.46307298 17.40043326, 78.4649469 17.40020739, 78.46200916 17.3969595, 78.46002012 17.39607325, 78.45104444444445 17.40200833333333)"
Chacha Nehuru Park,14_24,Mini Tipper 4T,4.0,16.0,3480,87.0,58,1.4,"LINESTRING (78.45104444444445 17.40200833333333, 78.46055975 17.39456049, 78.46153215 17.39278633, 78.46262847 17.39346289, 78.46291507 17.39283142, 78.45104444444445 17.40200833333333)"
Chacha Nehuru Park,14_25,Mini Tipper 4T,4.0,16.0,3880,97.0,75,1.4,"LINESTRING (78.45104444444445 17.40200833333333, 78.46267174 17.39494341, 78.46481728 17.39610249, 78.46616314 17.39606385, 78.472278 17.394927, 78.46910741 17.39225039, 78.46692236 17.39221098, 78.45104444444445 17.40200833333333)"
Chacha Nehuru Park,14_26,Mini Tipper 4T,4.0,16.0,3720,93.0,59,1.4,"LINESTRING (78.45104444444445 17.40200833333333, 78.46737277 17.39094817, 78.46523842 17.39352459, 78.46286709 17.39076103, 78.45104444444445 17.40200833333333)"
Chacha Nehuru Park,14_27,Mini Tipper 4T,4.0,16.0,3480,87.0,63,1.4,"LINESTRING (78.45104444444445 17.40200833333333, 78.456922 17.39013757, 78.45721769 17.39105898, 78.45753049 17.39174114, 78.45930899 17.39276599, 78.4582255 17.39398713, 78.45104444444445 17.40200833333333)"
Chacha Nehuru Park,14_28,Mini Tipper 4T,4.0,16.0,3980,99.5,62,1.4,"LINESTRING (78.45104444444445 17.40200833333333, 78.45887358 17.39509597, 78.45500249 17.39578167, 78.45726215 17.39557527, 78.4585796 17.39769315, 78.45934051 17.39951862, 78.45104444444445 17.40200833333333)"
Chacha Nehuru Park,14_29,Mini Tipper 4T,4.0,16.0,2290,57.2,45,1.4,"LINESTRING (78.45104444444445 17.40200833333333, 78.45752389 17.40278548, 78.45617036 17.40257403, 78.45341047 17.40314446, 78.45104444444445 17.40200833333333)"
Sanath Nagar,13_1,Mini Tipper 8T,8.0,16.0,7740,96.8,91,1.4,"LINESTRING (78.44305 17.45676111111111, 78.44961014 17.45542199, 78.45018788 17.45317845, 78.45040008 17.45023528, 78.4520938 17.44741826, 78.45113613 17.44605595, 78.45082972 17.44396398, 78.45152126 17.44218641, 78.4494614 17.44706839, 78.44779689 17.44725871, 78.45030132 17.44884926, 78.44305 17.45676111111111)"
Sanath Nagar,13_2,Mini Tipper 4T,4.0,16.0,3580,89.5,63,1.4,"LINESTRING (78.44305 17.45676111111111, 78.44908825 17.44995016, 78.44629696 17.45051288, 78.44378804 17.45140041, 78.4406 17.453514, 78.43725433 17.45016717, 78.44305 17.45676111111111)"
Sanath Nagar,13_3,Mini Tipper 4T,4.0,16.0,3900,97.5,80,1.4,"LINESTRING (78.44305 17.45676111111111, 78.4287177 17.4390071, 78.44079524 17.44397093, 78.44130814 17.44512563, 78.442916 17.444706, 78.44273952 17.44299008, 78.44410962 17.44159508, 78.44305 17.45676111111111)"
Sanath Nagar,13_4,Mini Tipper 4T,4.0,16.0,3710,92.8,71,1.4,"LINESTRING (78.44305 17.45676111111111, 78.44524518 17.44353481, 78.44731802 17.44384032, 78.44739266 17.44107593, 78.44491135 17.44079345, 78.44303542 17.44078126, 78.44404322 17.44707839, 78.44305 17.45676111111111)"
Sanath Nagar,13_5,Mini Tipper 4T,4.0,16.0,3130,78.2,48,1.4,"LINESTRING (78.44305 17.45676111111111, 78.4439 17.448289, 78.44207 17.448677, 78.44476283 17.45343946, 78.44305 17.45676111111111)"
Sanath Nagar,13_6,Mini Tipper 4T,4.0,16.0,3950,98.8,113,1.4,"LINESTRING (78.44305 17.45676111111111, 78.44405994 17.4572252, 78.44625532 17.45854588, 78.44657315 17.46082626, 78.45134 17.489, 78.481256 17.486412, 78.4423 17.496, 78.44305 17.45676111111111)"
Sanath Nagar,13_7,Mini Tipper 4T,4.0,16.0,3030,75.8,78,1.4,"LINESTRING (78.44305 17.45676111111111, 78.4318 17.4968, 78.4321141 17.46065395, 78.44227161 17.45757196, 78.44305 17.45676111111111)"
Sanath Nagar,13_8,Mini Tipper 4T,4.0,16.0,2560,64.0,36,1.4,"LINESTRING (78.44305 17.45676111111111, 78.44286932 17.45754027, 78.44302932 17.45796272, 78.44305 17.45676111111111)"
Peoples Plaza,12_1,Mini Tipper 4T,4.0,16.0,3880,97.0,58,1.4,"LINESTRING (78.46424444444445 17.418025, 78.46294707 17.41377713, 78.46372233 17.41252554, 78.46493312 17.4132874, 78.46367538 17.41129008, 78.46421121 17.40975103, 78.46424444444445 17.418025)"
Peoples Plaza,12_2,Mini Tipper 4T,4.0,16.0,3290,82.2,54,1.4,"LINESTRING (78.46424444444445 17.418025, 78.46410563 17.40746419, 78.46844378 17.40388007, 78.469312 17.404852, 78.46424444444445 17.418025)"
Peoples Plaza,12_3,Mini Tipper 4T,4.0,16.0,2910,72.8,65,1.4,"LINESTRING (78.46424444444445 17.418025, 78.4711183 17.40521257, 78.475774 17.405642, 78.476016 17.407417, 78.47448614 17.40186168, 78.46424444444445 17.418025)"
Peoples Plaza,12_4,Mini Tipper 4T,4.0,16.0,2600,65.0,60,1.4,"LINESTRING (78.46424444444445 17.418025, 78.474248 17.401196, 78.4758 17.400801, 78.4771233 17.4000896, 78.46424444444445 17.418025)"
Peoples Plaza,12_5,Mini Tipper 4T,4.0,16.0,3710,92.8,66,1.4,"LINESTRING (78.46424444444445 17.418025, 78.47448 17.399719, 78.46178032 17.411212, 78.46142413 17.41246506, 78.45804554 17.41317126, 78.46424444444445 17.418025)"
Peoples Plaza,12_6,Mini Tipper 4T,4.0,16.0,3940,98.5,84,1.4,"LINESTRING (78.46424444444445 17.418025, 78.45335879 17.41388635, 78.45539483 17.41855174, 78.4581565 17.42163908, 78.465 17.4324, 78.46213485 17.43433881, 78.46057264 17.43141547, 78.45668683 17.42397217, 78.46424444444445 17.418025)"
Peoples Plaza,12_7,Mini Tipper 4T,4.0,16.0,1190,29.8,45,1.4,"LINESTRING (78.46424444444445 17.418025, 78.4605729 17.42194848, 78.46508169 17.42111253, 78.46422991 17.41860641, 78.46424444444445 17.418025)"
Jalagam Vengal Rao Park,16_1,Mini Tipper 16T,16.0,16.0,15840,99.0,123,1.4,"LINESTRING (78.44654722222222 17.423691666666667, 78.4431482 17.420898, 78.4431482 17.420898, 78.4426884 17.4194598, 78.4438488 17.4187819, 78.4437543 17.4180662, 78.4430894 17.4167251, 78.442766 17.416286, 78.442617 17.413764, 78.4425617 17.4137024, 78.43947769 17.41400944, 78.43869762 17.41440606, 78.4359272 17.4143803, 78.435941 17.413655, 78.43737837 17.41205289, 78.434758 17.419195, 78.433835 17.4188842, 78.44654722222222 17.423691666666667)"
Jalagam Vengal Rao Park,16_2,Mini Tipper 8T,8.0,16.0,7660,95.8,112,1.4,"LINESTRING (78.44654722222222 17.423691666666667, 78.431927 17.4173, 78.4319468 17.4165664, 78.4319468 17.4165664, 78.42993 17.410428, 78.428125 17.410938, 78.423732 17.409667, 78.422642 17.408044, 78.42274331 17.40807678, 78.423709 17.409706, 78.423121 17.41181, 78.4241 17.4189, 78.429381 17.42053, 78.44654722222222 17.423691666666667)"
Jalagam Vengal Rao Park,16_3,Mini Tipper 8T,8.0,16.0,6930,86.6,80,1.4,"LINESTRING (78.44654722222222 17.423691666666667, 78.430846 17.419671, 78.43399738 17.42089012, 78.436017 17.417901, 78.43701 17.4173064, 78.43718118 17.41719552, 78.43749872 17.41844219, 78.4397595 17.418346, 78.4414735 17.4190249, 78.44654722222222 17.423691666666667)"
Jalagam Vengal Rao Park,16_4,Mini Tipper 4T,4.0,16.0,3490,87.2,51,1.4,"LINESTRING (78.44654722222222 17.423691666666667, 78.444082 17.419113, 78.445217 17.417211, 78.4460947 17.4186849, 78.446 17.4189, 78.44654722222222 17.423691666666667)"
Jalagam Vengal Rao Park,16_5,Mini Tipper 4T,4.0,16.0,3820,95.5,55,1.4,"LINESTRING (78.44654722222222 17.423691666666667, 78.4471267 17.417495, 78.448338 17.416175, 78.45132561 17.41405809, 78.45346542 17.41782165, 78.44654722222222 17.423691666666667)"
Jalagam Vengal Rao Park,16_6,Mini Tipper 4T,4.0,16.0,3250,81.2,60,1.4,"LINESTRING (78.44654722222222 17.423691666666667, 78.45114787 17.42033243, 78.44845042 17.4220069, 78.448774 17.424869, 78.45177541 17.42660677, 78.45144426 17.42861609, 78.44654722222222 17.423691666666667)"
Jalagam Vengal Rao Park,16_7,Mini Tipper 4T,4.0,16.0,3620,90.5,54,1.4,"LINESTRING (78.44654722222222 17.423691666666667, 78.45966977 17.4332959, 78.45662049 17.42960901, 78.45041137 17.42818886, 78.44654722222222 17.423691666666667)"
Jalagam Vengal Rao Park,16_8,Mini Tipper 4T,4.0,16.0,3920,98.0,59,1.4,"LINESTRING (78.44654722222222 17.423691666666667, 78.44905768 17.42970963, 78.44790126 17.4297806, 78.44638799 17.43079468, 78.4443643 17.43917696, 78.44654722222222 17.423691666666667)"
Jalagam Vengal Rao Park,16_9,Mini Tipper 4T,4.0,16.0,3830,95.8,57,1.4,"LINESTRING (78.44654722222222 17.423691666666667, 78.44553941 17.44022729, 78.44803314 17.43904769, 78.44997914 17.43963688, 78.44654722222222 17.423691666666667)"
Jalagam Vengal Rao Park,16_10,Mini Tipper 4T,4.0,16.0,2790,69.8,60,1.4,"LINESTRING (78.44654722222222 17.423691666666667, 78.44930941 17.44028876, 78.44884664 17.4374425, 78.44810253 17.43556353, 78.44622879 17.4352777, 78.44654722222222 17.423691666666667)"
Jalagam Vengal Rao Park,16_11,Mini Tipper 4T,4.0,16.0,3030,75.8,44,1.4,"LINESTRING (78.44654722222222 17.423691666666667, 78.44683433 17.43328123, 78.44399711 17.43003503, 78.44654722222222 17.423691666666667)"
Jalagam Vengal Rao Park,16_12,Mini Tipper 4T,4.0,16.0,3610,90.2,63,1.4,"LINESTRING (78.44654722222222 17.423691666666667, 78.44219182 17.43047057, 78.44289305 17.43256902, 78.444192 17.433593, 78.44351108 17.43531155, 78.44122181 17.43638995, 78.44654722222222 17.423691666666667)"
Jalagam Vengal Rao Park,16_13,Mini Tipper 4T,4.0,16.0,3550,88.8,57,1.4,"LINESTRING (78.44654722222222 17.423691666666667, 78.4380571 17.43381296, 78.43721954 17.43242255, 78.4366273 17.4296601, 78.4384677 17.428809, 78.44654722222222 17.423691666666667)"
Jalagam Vengal Rao Park,16_14,Mini Tipper 4T,4.0,16.0,3120,78.0,50,1.4,"LINESTRING (78.44654722222222 17.423691666666667, 78.4385492 17.428855, 78.438083 17.428043, 78.436629 17.427419, 78.44654722222222 17.423691666666667)"
Jalagam Vengal Rao Park,16_15,Mini Tipper 4T,4.0,16.0,2460,61.5,44,1.4,"LINESTRING (78.44654722222222 17.423691666666667, 78.43817889 17.42466169, 78.435931 17.424027, 78.44654722222222 17.423691666666667)"
Jalagam Vengal Rao Park,16_16,Mini Tipper 4T,4.0,16.0,3650,91.2,53,1.4,"LINESTRING (78.44654722222222 17.423691666666667, 78.4334498 17.4254712, 78.4328608 17.4274819, 78.4329689 17.4275161, 78.44654722222222 17.423691666666667)"
Jalagam Vengal Rao Park,16_17,Mini Tipper 4T,4.0,16.0,2650,66.2,56,1.4,"LINESTRING (78.44654722222222 17.423691666666667, 78.431234 17.4281423, 78.4295192 17.427843, 78.4294374 17.4265502, 78.44654722222222 17.423691666666667)"
Jalagam Vengal Rao Park,16_18,Mini Tipper 4T,4.0,16.0,3620,90.5,56,1.4,"LINESTRING (78.44654722222222 17.423691666666667, 78.4299077 17.4268636, 78.429244 17.427816, 78.428628 17.428757, 78.44654722222222 17.423691666666667)"
Jalagam Vengal Rao Park,16_19,Mini Tipper 4T,4.0,16.0,3650,91.2,59,1.4,"LINESTRING (78.44654722222222 17.423691666666667, 78.4285597 17.4287675, 78.4280866 17.4289514, 78.42487033 17.42954734, 78.44654722222222 17.423691666666667)"
Jalagam Vengal Rao Park,16_20,Mini Tipper 4T,4.0,16.0,2950,73.8,70,1.4,"LINESTRING (78.44654722222222 17.423691666666667, 78.4248039 17.4285095, 78.424614 17.428499, 78.4244766 17.427149, 78.42494345 17.42692754, 78.42540125 17.42560631, 78.44654722222222 17.423691666666667)"
Jalagam Vengal Rao Park,16_21,Mini Tipper 4T,4.0,16.0,3640,91.0,64,1.4,"LINESTRING (78.44654722222222 17.423691666666667, 78.4259902 17.4257944, 78.426066 17.4258238, 78.4293287 17.4207151, 78.43112401 17.42227725, 78.44654722222222 17.423691666666667)"
Jalagam Vengal Rao Park,16_22,Mini Tipper 4T,4.0,16.0,3890,97.2,68,1.4,"LINESTRING (78.44654722222222 17.423691666666667, 78.4314224 17.4221711, 78.4318202 17.42213498, 78.43308495 17.42186569, 78.4333153 17.4216127, 78.436 17.4219, 78.4360212 17.4219842, 78.44654722222222 17.423691666666667)"
Jalagam Vengal Rao Park,16_23,Mini Tipper 4T,4.0,16.0,3590,89.8,50,1.4,"LINESTRING (78.44654722222222 17.423691666666667, 78.4408087 17.4242132, 78.4413104 17.4240539, 78.44139 17.424102, 78.44290891 17.42525754, 78.44654722222222 17.423691666666667)"
Jalagam Vengal Rao Park,16_24,Mini Tipper 4T,4.0,16.0,2090,52.2,42,1.4,"LINESTRING (78.44654722222222 17.423691666666667, 78.4443433 17.4247863, 78.4444843 17.42468986, 78.44460828 17.42422778, 78.44654722222222 17.423691666666667)"
